Position	UCSC_link	GNOMAD_link	Ref	Alt	VType	Zygocity.NA12878_S6	Gene	Symbol_source	gts.NA12878_S6	Variation	Impact_severity	total_number_of_variant_impacts_in_gemini	Info	Refseq_change	Depth	Quality	Alt_depths	Trio_coverage	Ensembl_gene_id	Gene_info_description	Entrezid	Omim	Orpha	Clinvar	Gnomad_af_popmax_cheo	Gnomad_af_popmax_noother_cheo	Gnomad_ac_cheo	Gnomad_an_cheo	Gnomad_hom	Ensembl_transcript_id	AA_position	Exon	Protein_domains	rsIDs	Gnomad_LOF	Conserved_in_20_mammals_dbnsfp	Sift_score	Polyphen_score	Cadd_score_dbnsfp	Vest3_score_dbnsfp	Revel_score_dbnsfp	Gerp_score_dbnsfp	Spliceregion	Maxentscan_alt	Maxentscan_diff	Maxentscan_ref	Callers	Old_multiallelic
22:16277852	=HYPERLINK("http://genome.ucsc.edu/cgi-bin/hgTracks?db=hg19&hgt.out3=10x&position=22:16277852","UCSC_link")	=HYPERLINK("http://gnomad.broadinstitute.org/variant/22-16277852-C-T","GNOMAD_link")	C	T	snp	Het	POTEH	HGNC	C/T	synonymous_variant	LOW	6	[LOW;synonymous_variant;POTEH;Exon:5/11;ENST00000343518.6:c.1062G>A;ENSP00000340610.6:p.Ser354%3D],[LOW;upstream_gene_variant;RNU6-816P;Exon:;;],[LOW;non_coding_transcript_exon_variant;POTEH-AS1;Exon:2/2;ENST00000422014.1:n.1816C>T;],[LOW;3_prime_UTR_variant;POTEH;Exon:6/12;ENST00000452800.1:c.*238G>A;],[LOW;synonymous_variant;POTEH;Exon:5/11;NM_001136213.1:c.1062G>A;NP_001129685.1:p.Ser354%3D],[LOW;downstream_gene_variant;POTEH-AS1;Exon:;;]	NM_001136213.1:c.1062G>A	236	60.0	37	137	ENSG00000198062	POTE_ankyrin_domain_family_member_H	23784	None	None	None	-1.0	-1.0	0	0	None	ENST00000343518	354_545	5_11	Gene3D:1.25.40.20&Pfam_domain:PF12796&PROSITE_profiles:PS50088&PROSITE_profiles:PS50297&hmmpanther:PTHR24118&hmmpanther:PTHR24118:SF43&SMART_domains:SM00248&Superfamily_domains:SSF48403	COSM1484037	"SYM:POTEH|OE_LOF:1.1037|OE_MIS:1.0198|PLI:5.1283e-11|PNUL:0.96858|PREC:0.031417|ENST:ENST00000343518|ENSG:ENSG00000198062"	None	None	None	None	None	None	None		0.0	0.0	0.0	samtools,freebayes	None
22:16341424	=HYPERLINK("http://genome.ucsc.edu/cgi-bin/hgTracks?db=hg19&hgt.out3=10x&position=22:16341424","UCSC_link")	=HYPERLINK("http://gnomad.broadinstitute.org/variant/22-16341424-C-T","GNOMAD_link")	C	T	snp	Het	MED15P7	HGNC	C/T	splice_region_variant	MED	2	[LOW;upstream_gene_variant;NF1P6;Exon:;;],[MED;splice_region_variant;MED15P7;Exon:;ENST00000435410.1:n.633+7C>T;]		31	296.799987793	17	31	None	mediator_complex_subunit_15_pseudogene_7	100996466	None	None	None	0.0016485999804	0.0016485999804	42	30896	None	ENST00000435410				rs10154365	None	None	None	None	None	None	None	None		0.0	0.0	0.0	gatk-haplotype,samtools,freebayes	None
22:16346045	=HYPERLINK("http://genome.ucsc.edu/cgi-bin/hgTracks?db=hg19&hgt.out3=10x&position=22:16346045","UCSC_link")	=HYPERLINK("http://gnomad.broadinstitute.org/variant/22-16346045-T-C","GNOMAD_link")	T	C	snp	Het	NF1P6	HGNC	T/C	splice_donor_variant	HIGH	2	[HIGH;splice_donor_variant;NF1P6;Exon:;ENST00000426025.1:n.133+1T>C;],[LOW;downstream_gene_variant;MED15P7;Exon:;;]		29	75.0	4	18	None	neurofibromin_1_pseudogene_6	644637	None	None	None	-1.0	-1.0	0	0	None	ENST00000426025				rs56234788	None	None	None	None	None	None	None	None		-6.97	-0.231	-7.201	samtools,freebayes	None
22:16400001	=HYPERLINK("http://genome.ucsc.edu/cgi-bin/hgTracks?db=hg19&hgt.out3=10x&position=22:16400001","UCSC_link")	=HYPERLINK("http://gnomad.broadinstitute.org/variant/22-16400001-A-G","GNOMAD_link")	A	G	snp	Het	LA16c-60G3.6	Clone_based_vega_gene	A/G	splice_region_variant	MED	2	[MED;splice_region_variant;LA16c-60G3.6;Exon:;ENST00000412729.1:n.529-5T>C;],[LOW;upstream_gene_variant;LA16c-60G3.7;Exon:;;]		10	28.7999992371	3	10	None	None	0	None	None	None	-1.0	-1.0	0	0	None	ENST00000412729				rs878907930	None	None	None	None	None	None	None	None	splice_polypyrimidine_tract_variant	-9.512	-0.071	-9.583	gatk-haplotype,samtools,freebayes	None
22:16449784	=HYPERLINK("http://genome.ucsc.edu/cgi-bin/hgTracks?db=hg19&hgt.out3=10x&position=22:16449784","UCSC_link")	=HYPERLINK("http://gnomad.broadinstitute.org/variant/22-16449784-C-A","GNOMAD_link")	C	A	snp	Het	OR11H1	HGNC	C/A	missense_variant	MED	2	[MED;missense_variant;OR11H1;Exon:1/1;ENST00000252835.4:c.21G>T;ENSP00000252835.4:p.Gln7His],[MED;missense_variant;OR11H1;Exon:1/1;NM_001005239.1:c.21G>T;NP_001005239.1:p.Gln7His]	NM_001005239.1:c.21G>T	82	308.799987793	21	82	ENSG00000130538	olfactory_receptor_family_11_subfamily_H_member_1	81061	None	None	None	-1.0	-1.0	0	0	None	ENST00000252835	7_326	1_1		COSM1484041	"SYM:OR11H1|OE_LOF:1.8847|OE_MIS:2.2153|PLI:1.0253e-05|PNUL:0.88964|PREC:0.11035|ENST:ENST00000252835|ENSG:ENSG00000130538"	None	0.02	0.137	None	None	None	None		0.0	0.0	0.0	gatk-haplotype,freebayes	None
22:16953723	=HYPERLINK("http://genome.ucsc.edu/cgi-bin/hgTracks?db=hg19&hgt.out3=10x&position=22:16953723","UCSC_link")	=HYPERLINK("http://gnomad.broadinstitute.org/variant/22-16953723-G-C","GNOMAD_link")	G	C	snp	Het	SLC9B1P4	HGNC	G/C	splice_region_variant	MED	1	[MED;splice_region_variant;SLC9B1P4;Exon:;ENST00000421957.1:n.315-4C>G;]		71	94.0	13	39	None	solute_carrier_family_9_member_B1_pseudogene_4	644768	None	None	None	-1.0	-1.0	0	0	None	ENST00000421957				rs201622606	None	None	None	None	None	None	None	None	splice_polypyrimidine_tract_variant	-12.556	1.341	-11.214	samtools,freebayes	None
22:18360205	=HYPERLINK("http://genome.ucsc.edu/cgi-bin/hgTracks?db=hg19&hgt.out3=10x&position=22:18360205","UCSC_link")	=HYPERLINK("http://gnomad.broadinstitute.org/variant/22-18360205-G-T","GNOMAD_link")	G	T	snp	Het			G/T	synonymous_variant	LOW	26	[LOW;intron_variant;MICAL3;Exon:;ENST00000207726.7:c.2326-5416C>A;],[LOW;intron_variant;MICAL3;Exon:;ENST00000383094.3:c.2242-5416C>A;],[LOW;intron_variant;MICAL3;Exon:;ENST00000400561.2:c.2242-5416C>A;],[LOW;intron_variant;MICAL3;Exon:;ENST00000414725.2:c.2326-5416C>A;],[LOW;intron_variant;MICAL3;Exon:;ENST00000429452.1:c.2398-1885C>A;],[LOW;intron_variant;MICAL3;Exon:;ENST00000441493.2:c.2242-5416C>A;],[LOW;intron_variant;MICAL3;Exon:;ENST00000444520.1:c.2242-5416C>A;],[LOW;intron_variant;MICAL3;Exon:;ENST00000461307.1:c.882-5416C>A;],[LOW;upstream_gene_variant;MICAL3;Exon:;;],[LOW;intron_variant;MICAL3;Exon:;ENST00000495076.1:c.*1133-5416C>A;],[LOW;intron_variant;MICAL3;Exon:;ENST00000585038.1:c.2398-1885C>A;],[LOW;intron_variant;MICAL3;Exon:;NM_001122731.1:c.2242-5416C>A;],[LOW;intron_variant;MICAL3;Exon:;NM_001122731.2:c.2242-5416C>A;],[LOW;intron_variant;MICAL3;Exon:;NM_001136004.1:c.2398-1885C>A;],[LOW;intron_variant;MICAL3;Exon:;NM_001136004.3:c.2398-1885C>A;],[LOW;intron_variant;MICAL3;Exon:;NM_015241.2:c.2242-5416C>A;],[LOW;intron_variant;MICAL3;Exon:;XM_005261257.1:c.2482-1885C>A;],[LOW;intron_variant;MICAL3;Exon:;XM_005261258.1:c.2482-1885C>A;],[LOW;intron_variant;MICAL3;Exon:;XM_005261259.1:c.2398-1885C>A;],[LOW;intron_variant;MICAL3;Exon:;XM_005261260.1:c.2482-1885C>A;],[LOW;intron_variant;MICAL3;Exon:;XM_005261261.1:c.2242-5416C>A;],[LOW;intron_variant;MICAL3;Exon:;XM_005261262.1:c.2242-5416C>A;],[LOW;intron_variant;MICAL3;Exon:;XM_005261263.1:c.-13+1907C>A;],[LOW;synonymous_variant;;Exon:2/2;XM_005261295.1:c.702G>T;XP_005261352.1:p.Val234%3D]	NM_001122731.1:c.2242-5416C>A,NM_001122731.2:c.2242-5416C>A,NM_001136004.1:c.2398-1885C>A,NM_001136004.3:c.2398-1885C>A,NM_015241.2:c.2242-5416C>A	14	44.4000015259	5	9	ENSG00000243156	microtubule_associated_monooxygenase,_calponin_and_LIM_domain_containing_3	57553	None	None	None	-1.0	-1.0	0	0	None	XM_005261295.1	234_313	2_2		rs201947938	None	None	None	None	None	None	None	None		0.0	0.0	0.0	samtools,freebayes	None
22:18667667	=HYPERLINK("http://genome.ucsc.edu/cgi-bin/hgTracks?db=hg19&hgt.out3=10x&position=22:18667667","UCSC_link")	=HYPERLINK("http://gnomad.broadinstitute.org/variant/22-18667667-G-A","GNOMAD_link")	G	A	snp	Het	LOC100996415	EntrezGene	G/A	synonymous_variant	LOW	3	[LOW;intron_variant;AC008079.9;Exon:;ENST00000434390.1:n.475-834C>T;],[LOW;non_coding_transcript_exon_variant;LOC100996415;Exon:8/12;NR_136570.1:n.1929C>T;],[LOW;synonymous_variant;LOC100996415;Exon:10/14;XM_005261296.1:c.1371C>T;XP_005261353.1:p.Tyr457%3D]		167	552.799987793	44	167	None	family_with_sequence_similarity_230_member_D	100996415	None	None	None	-1.0	-1.0	0	0	None	XM_005261296.1	457_580	10_14		rs201498341	None	None	None	None	None	None	None	None		0.0	0.0	0.0	gatk-haplotype,freebayes	None
22:18667696	=HYPERLINK("http://genome.ucsc.edu/cgi-bin/hgTracks?db=hg19&hgt.out3=10x&position=22:18667696","UCSC_link")	=HYPERLINK("http://gnomad.broadinstitute.org/variant/22-18667696-G-C","GNOMAD_link")	G	C	snp	Het	LOC100996415	EntrezGene	G/C	missense_variant	MED	3	[LOW;intron_variant;AC008079.9;Exon:;ENST00000434390.1:n.475-863C>G;],[LOW;non_coding_transcript_exon_variant;LOC100996415;Exon:8/12;NR_136570.1:n.1900C>G;],[MED;missense_variant;LOC100996415;Exon:10/14;XM_005261296.1:c.1342C>G;XP_005261353.1:p.Gln448Glu]		187	2381.80004883	120	187	None	family_with_sequence_similarity_230_member_D	100996415	None	None	None	-1.0	-1.0	0	0	None	XM_005261296.1	448_580	10_14		rs11089230	None	None	None	None	None	None	None	None		0.0	0.0	0.0	gatk-haplotype,samtools,freebayes	None
22:18667775	=HYPERLINK("http://genome.ucsc.edu/cgi-bin/hgTracks?db=hg19&hgt.out3=10x&position=22:18667775","UCSC_link")	=HYPERLINK("http://gnomad.broadinstitute.org/variant/22-18667775-G-C","GNOMAD_link")	G	C	snp	Het	LOC100996415	EntrezGene	G/C	synonymous_variant	LOW	3	[LOW;intron_variant;AC008079.9;Exon:;ENST00000434390.1:n.475-942C>G;],[LOW;non_coding_transcript_exon_variant;LOC100996415;Exon:8/12;NR_136570.1:n.1821C>G;],[LOW;synonymous_variant;LOC100996415;Exon:10/14;XM_005261296.1:c.1263C>G;XP_005261353.1:p.Leu421%3D]		133	631.799987793	37	133	None	family_with_sequence_similarity_230_member_D	100996415	None	None	None	-1.0	-1.0	0	0	None	XM_005261296.1	421_580	10_14		rs500476	None	None	None	None	None	None	None	None		0.0	0.0	0.0	gatk-haplotype,samtools,freebayes	None
22:18668697	=HYPERLINK("http://genome.ucsc.edu/cgi-bin/hgTracks?db=hg19&hgt.out3=10x&position=22:18668697","UCSC_link")	=HYPERLINK("http://gnomad.broadinstitute.org/variant/22-18668697-C-T","GNOMAD_link")	C	T	snp	Hom	LOC100996415	EntrezGene	T/T	missense_variant	MED	3	[LOW;intron_variant;AC008079.9;Exon:;ENST00000434390.1:n.475-1864G>A;],[LOW;non_coding_transcript_exon_variant;LOC100996415;Exon:8/12;NR_136570.1:n.899G>A;],[MED;missense_variant;LOC100996415;Exon:8/14;XM_005261296.1:c.838G>A;XP_005261353.1:p.Val280Ile]		51	2482.80004883	51	51	None	family_with_sequence_similarity_230_member_D	100996415	None	None	None	-1.0	-1.0	0	0	None	XM_005261296.1	280_580	8_14		rs12172401	None	None	None	None	None	None	None	None		0.0	0.0	0.0	gatk-haplotype,samtools,freebayes	None
22:18668702	=HYPERLINK("http://genome.ucsc.edu/cgi-bin/hgTracks?db=hg19&hgt.out3=10x&position=22:18668702","UCSC_link")	=HYPERLINK("http://gnomad.broadinstitute.org/variant/22-18668702-C-T","GNOMAD_link")	C	T	snp	Hom	LOC100996415	EntrezGene	T/T	missense_variant	MED	3	[LOW;intron_variant;AC008079.9;Exon:;ENST00000434390.1:n.475-1869G>A;],[LOW;non_coding_transcript_exon_variant;LOC100996415;Exon:8/12;NR_136570.1:n.894G>A;],[MED;missense_variant;LOC100996415;Exon:8/14;XM_005261296.1:c.833G>A;XP_005261353.1:p.Gly278Asp]		60	2676.80004883	60	60	None	family_with_sequence_similarity_230_member_D	100996415	None	None	None	-1.0	-1.0	0	0	None	XM_005261296.1	278_580	8_14		rs12172402	None	None	None	None	None	None	None	None		0.0	0.0	0.0	gatk-haplotype,samtools,freebayes	None
22:18668912	=HYPERLINK("http://genome.ucsc.edu/cgi-bin/hgTracks?db=hg19&hgt.out3=10x&position=22:18668912","UCSC_link")	=HYPERLINK("http://gnomad.broadinstitute.org/variant/22-18668912-G-A","GNOMAD_link")	G	A	snp	Het	LOC100996415	EntrezGene	G/A	missense_variant	MED	3	[LOW;intron_variant;AC008079.9;Exon:;ENST00000434390.1:n.475-2079C>T;],[LOW;non_coding_transcript_exon_variant;LOC100996415;Exon:8/12;NR_136570.1:n.684C>T;],[MED;missense_variant;LOC100996415;Exon:8/14;XM_005261296.1:c.623C>T;XP_005261353.1:p.Ala208Val]		131	460.700012207	39	127	None	family_with_sequence_similarity_230_member_D	100996415	None	None	None	-1.0	-1.0	0	0	None	XM_005261296.1	208_580	8_14		rs370049948	None	None	None	None	None	None	None	None		0.0	0.0	0.0	gatk-haplotype,samtools,platypus,freebayes	None
22:18668998	=HYPERLINK("http://genome.ucsc.edu/cgi-bin/hgTracks?db=hg19&hgt.out3=10x&position=22:18668998","UCSC_link")	=HYPERLINK("http://gnomad.broadinstitute.org/variant/22-18668998-A-G","GNOMAD_link")	A	G	snp	Het	LOC100996415	EntrezGene	A/G	synonymous_variant	LOW	3	[LOW;intron_variant;AC008079.9;Exon:;ENST00000434390.1:n.475-2165T>C;],[LOW;non_coding_transcript_exon_variant;LOC100996415;Exon:8/12;NR_136570.1:n.598T>C;],[LOW;synonymous_variant;LOC100996415;Exon:8/14;XM_005261296.1:c.537T>C;XP_005261353.1:p.Asp179%3D]		204	108.0	33	117	None	family_with_sequence_similarity_230_member_D	100996415	None	None	None	-1.0	-1.0	0	0	None	XM_005261296.1	179_580	8_14		rs62230863	None	None	None	None	None	None	None	None		0.0	0.0	0.0	samtools,freebayes	None
22:18737126	=HYPERLINK("http://genome.ucsc.edu/cgi-bin/hgTracks?db=hg19&hgt.out3=10x&position=22:18737126","UCSC_link")	=HYPERLINK("http://gnomad.broadinstitute.org/variant/22-18737126-T-C","GNOMAD_link")	T	C	snp	Hom	LINC01662	EntrezGene	C/C	missense_variant	MED	3	[LOW;intron_variant;AC008132.1;Exon:;ENST00000342888.3:c.362-2256T>C;],[LOW;intron_variant;LINC01662;Exon:;NR_136561.1:n.475-2256T>C;],[MED;missense_variant;LINC01662;Exon:8/8;XM_003403485.2:c.623T>C;XP_003403533.1:p.Val208Ala]		48	65.0	28	33	ENSG00000182824	family_with_sequence_similarity_230_member_E	642643	None	None	None	-1.0	-1.0	0	0	None	XM_003403485.2	208_445	8_8		rs12158594	None	None	None	None	None	None	None	None		0.0	0.0	0.0	samtools,freebayes	None
22:18737151	=HYPERLINK("http://genome.ucsc.edu/cgi-bin/hgTracks?db=hg19&hgt.out3=10x&position=22:18737151","UCSC_link")	=HYPERLINK("http://gnomad.broadinstitute.org/variant/22-18737151-T-C","GNOMAD_link")	T	C	snp	Het	LINC01662	EntrezGene	T/C	synonymous_variant	LOW	3	[LOW;intron_variant;AC008132.1;Exon:;ENST00000342888.3:c.362-2231T>C;],[LOW;intron_variant;LINC01662;Exon:;NR_136561.1:n.475-2231T>C;],[LOW;synonymous_variant;LINC01662;Exon:8/8;XM_003403485.2:c.648T>C;XP_003403533.1:p.Ala216%3D]		71	55.0	19	46	ENSG00000182824	family_with_sequence_similarity_230_member_E	642643	None	None	None	-1.0	-1.0	0	0	None	XM_003403485.2	216_445	8_8		rs1439394700	None	None	None	None	None	None	None	None		0.0	0.0	0.0	samtools,freebayes	None
22:18737157	=HYPERLINK("http://genome.ucsc.edu/cgi-bin/hgTracks?db=hg19&hgt.out3=10x&position=22:18737157","UCSC_link")	=HYPERLINK("http://gnomad.broadinstitute.org/variant/22-18737157-C-G","GNOMAD_link")	C	G	snp	Het	LINC01662	EntrezGene	C/G	missense_variant	MED	3	[LOW;intron_variant;AC008132.1;Exon:;ENST00000342888.3:c.362-2225C>G;],[LOW;intron_variant;LINC01662;Exon:;NR_136561.1:n.475-2225C>G;],[MED;missense_variant;LINC01662;Exon:8/8;XM_003403485.2:c.654C>G;XP_003403533.1:p.His218Gln]		86	48.0999984741	18	54	ENSG00000182824	family_with_sequence_similarity_230_member_E	642643	None	None	None	0.000894989992958	0.000894989992958	3	12826	None	XM_003403485.2	218_445	8_8		rs1368691824	None	None	None	None	None	None	None	None		0.0	0.0	0.0	samtools,freebayes	None
22:18737163	=HYPERLINK("http://genome.ucsc.edu/cgi-bin/hgTracks?db=hg19&hgt.out3=10x&position=22:18737163","UCSC_link")	=HYPERLINK("http://gnomad.broadinstitute.org/variant/22-18737163-T-C","GNOMAD_link")	T	C	snp	Het	LINC01662	EntrezGene	T/C	synonymous_variant	LOW	3	[LOW;intron_variant;AC008132.1;Exon:;ENST00000342888.3:c.362-2219T>C;],[LOW;intron_variant;LINC01662;Exon:;NR_136561.1:n.475-2219T>C;],[LOW;synonymous_variant;LINC01662;Exon:8/8;XM_003403485.2:c.660T>C;XP_003403533.1:p.Ile220%3D]		96	28.0	18	59	ENSG00000182824	family_with_sequence_similarity_230_member_E	642643	None	None	None	-1.0	-1.0	0	0	None	XM_003403485.2	220_445	8_8		rs1221328518	None	None	None	None	None	None	None	None		0.0	0.0	0.0	samtools,freebayes	None
22:18737166	=HYPERLINK("http://genome.ucsc.edu/cgi-bin/hgTracks?db=hg19&hgt.out3=10x&position=22:18737166","UCSC_link")	=HYPERLINK("http://gnomad.broadinstitute.org/variant/22-18737166-T-C","GNOMAD_link")	T	C	snp	Het	LINC01662	EntrezGene	T/C	synonymous_variant	LOW	3	[LOW;intron_variant;AC008132.1;Exon:;ENST00000342888.3:c.362-2216T>C;],[LOW;intron_variant;LINC01662;Exon:;NR_136561.1:n.475-2216T>C;],[LOW;synonymous_variant;LINC01662;Exon:8/8;XM_003403485.2:c.663T>C;XP_003403533.1:p.Ala221%3D]		101	28.8999996185	18	61	ENSG00000182824	family_with_sequence_similarity_230_member_E	642643	None	None	None	0.000928219989873	0.000928219989873	3	12350	None	XM_003403485.2	221_445	8_8		rs1305060622	None	None	None	None	None	None	None	None		0.0	0.0	0.0	samtools,freebayes	None
22:18737178	=HYPERLINK("http://genome.ucsc.edu/cgi-bin/hgTracks?db=hg19&hgt.out3=10x&position=22:18737178","UCSC_link")	=HYPERLINK("http://gnomad.broadinstitute.org/variant/22-18737178-C-T","GNOMAD_link")	C	T	snp	Het	LINC01662	EntrezGene	C/T	synonymous_variant	LOW	3	[LOW;intron_variant;AC008132.1;Exon:;ENST00000342888.3:c.362-2204C>T;],[LOW;intron_variant;LINC01662;Exon:;NR_136561.1:n.475-2204C>T;],[LOW;synonymous_variant;LINC01662;Exon:8/8;XM_003403485.2:c.675C>T;XP_003403533.1:p.Ala225%3D]		108	8.30000019073	17	66	ENSG00000182824	family_with_sequence_similarity_230_member_E	642643	None	None	None	-1.0	-1.0	0	0	None	XM_003403485.2	225_445	8_8		rs201283506	None	None	None	None	None	None	None	None		0.0	0.0	0.0	samtools,freebayes	None
22:18737279	=HYPERLINK("http://genome.ucsc.edu/cgi-bin/hgTracks?db=hg19&hgt.out3=10x&position=22:18737279","UCSC_link")	=HYPERLINK("http://gnomad.broadinstitute.org/variant/22-18737279-T-C","GNOMAD_link")	T	C	snp	Hom	LINC01662	EntrezGene	C/C	missense_variant	MED	3	[LOW;intron_variant;AC008132.1;Exon:;ENST00000342888.3:c.362-2103T>C;],[LOW;intron_variant;LINC01662;Exon:;NR_136561.1:n.475-2103T>C;],[MED;missense_variant;LINC01662;Exon:8/8;XM_003403485.2:c.776T>C;XP_003403533.1:p.Met259Thr]		213	5330.79980469	212	212	ENSG00000182824	family_with_sequence_similarity_230_member_E	642643	None	None	None	-1.0	-1.0	0	0	None	XM_003403485.2	259_445	8_8		rs618343	None	None	None	None	None	None	None	None		0.0	0.0	0.0	gatk-haplotype,samtools,freebayes	None
22:18737400	=HYPERLINK("http://genome.ucsc.edu/cgi-bin/hgTracks?db=hg19&hgt.out3=10x&position=22:18737400","UCSC_link")	=HYPERLINK("http://gnomad.broadinstitute.org/variant/22-18737400-A-G","GNOMAD_link")	A	G	snp	Het	LINC01662	EntrezGene	A/G	synonymous_variant	LOW	3	[LOW;intron_variant;AC008132.1;Exon:;ENST00000342888.3:c.362-1982A>G;],[LOW;intron_variant;LINC01662;Exon:;NR_136561.1:n.475-1982A>G;],[LOW;synonymous_variant;LINC01662;Exon:8/8;XM_003403485.2:c.897A>G;XP_003403533.1:p.Thr299%3D]		234	672.799987793	55	233	ENSG00000182824	family_with_sequence_similarity_230_member_E	642643	None	None	None	-1.0	-1.0	0	0	None	XM_003403485.2	299_445	8_8		rs201940632	None	None	None	None	None	None	None	None		0.0	0.0	0.0	gatk-haplotype,freebayes	None
22:18836000	=HYPERLINK("http://genome.ucsc.edu/cgi-bin/hgTracks?db=hg19&hgt.out3=10x&position=22:18836000","UCSC_link")	=HYPERLINK("http://gnomad.broadinstitute.org/variant/22-18836000-G-A","GNOMAD_link")	G	A	snp	Het			G/A	missense_variant	MED	6	[LOW;intron_variant;AC008132.13;Exon:;ENST00000342005.4:c.*6+161G>A;],[LOW;upstream_gene_variant;AC008132.13;Exon:;;],[LOW;upstream_gene_variant;LOC102725072;Exon:;;],[MED;missense_variant;;Exon:2/2;XM_005261298.1:c.1100G>A;XP_005261355.1:p.Arg367Gln]		127	701.799987793	43	127	None	putative_POM121-like_protein_1	101929738	None	None	None	-1.0	-1.0	0	0	None	XM_005261298.1	367_410	2_2		rs878923939	None	None	None	None	None	None	None	None		8.098	-0.023	8.075	gatk-haplotype,samtools,freebayes	None
22:19028782	=HYPERLINK("http://genome.ucsc.edu/cgi-bin/hgTracks?db=hg19&hgt.out3=10x&position=22:19028782","UCSC_link")	=HYPERLINK("http://gnomad.broadinstitute.org/variant/22-19028782-C-T","GNOMAD_link")	C	T	snp	Het	DGCR2	HGNC	C/T	synonymous_variant	LOW	13	[LOW;synonymous_variant;DGCR2;Exon:9/10;ENST00000263196.7:c.1185G>A;ENSP00000263196.7:p.Arg395%3D],[LOW;upstream_gene_variant;Y_RNA;Exon:;;],[LOW;synonymous_variant;DGCR2;Exon:10/11;ENST00000389262.4:c.513G>A;ENSP00000373914.4:p.Arg171%3D],[LOW;non_coding_transcript_exon_variant;DGCR2;Exon:3/4;ENST00000467659.1:n.963G>A;],[LOW;synonymous_variant;DGCR2;Exon:8/9;ENST00000537045.1:c.1062G>A;ENSP00000440062.1:p.Arg354%3D],[LOW;3_prime_UTR_variant;DGCR2;Exon:10/11;ENST00000545799.1:c.*756G>A;],[LOW;downstream_gene_variant;DGCR11;Exon:;;],[LOW;synonymous_variant;DGCR2;Exon:8/9;NM_001173533.1:c.1062G>A;NP_001167004.1:p.Arg354%3D],[LOW;synonymous_variant;DGCR2;Exon:8/9;NM_001173534.1:c.1053G>A;NP_001167005.1:p.Arg351%3D],[LOW;synonymous_variant;DGCR2;Exon:9/10;NM_001184781.1:c.1176G>A;NP_001171710.1:p.Arg392%3D],[LOW;synonymous_variant;DGCR2;Exon:9/10;NM_005137.2:c.1185G>A;NP_005128.1:p.Arg395%3D],[LOW;non_coding_transcript_exon_variant;DGCR2;Exon:8/9;NR_033674.1:n.1318G>A;]	NM_001173533.1:c.1062G>A,NM_001173534.1:c.1053G>A,NM_001184781.1:c.1176G>A,NM_005137.2:c.1185G>A	32	359.799987793	17	32	ENSG00000070413	DiGeorge_syndrome_critical_region_gene_2	9993	None	None	None	0.000435760011896	0.000435760011896	66	282066	None	ENST00000263196	395_550	9_10	hmmpanther:PTHR15256	rs73157286	"SYM:DGCR2|OE_LOF:0.54552|OE_MIS:0.90186|PLI:5.1573e-06|PNUL:0.032432|PREC:0.96756|ENST:ENST00000263196|ENSG:ENSG00000070413"	None	None	None	None	None	None	None		0.0	0.0	0.0	gatk-haplotype,samtools,platypus,freebayes	None
22:19048387	=HYPERLINK("http://genome.ucsc.edu/cgi-bin/hgTracks?db=hg19&hgt.out3=10x&position=22:19048387","UCSC_link")	=HYPERLINK("http://gnomad.broadinstitute.org/variant/22-19048387-C-T","GNOMAD_link")	C	T	snp	Het	DGCR2	HGNC	C/T	missense_variant	MED	13	[LOW;intron_variant;DGCR2;Exon:;ENST00000263196.7:c.625+2328G>A;],[LOW;5_prime_UTR_variant;DGCR2;Exon:6/11;ENST00000389262.4:c.-356G>A;],[LOW;downstream_gene_variant;AC004461.4;Exon:;;],[LOW;upstream_gene_variant;DGCR2;Exon:;;],[LOW;intron_variant;DGCR2;Exon:;ENST00000473832.1:n.437+2328G>A;],[LOW;intron_variant;DGCR2;Exon:;ENST00000537045.1:c.502+2328G>A;],[MED;missense_variant;DGCR2;Exon:6/11;ENST00000545799.1:c.698G>A;ENSP00000445069.1:p.Gly233Glu],[LOW;intron_variant;DGCR2;Exon:;ENST00000608548.1:n.76+2328G>A;],[LOW;intron_variant;DGCR2;Exon:;NM_001173533.1:c.502+2328G>A;],[LOW;intron_variant;DGCR2;Exon:;NM_001173534.1:c.493+2328G>A;],[LOW;intron_variant;DGCR2;Exon:;NM_001184781.1:c.616+2328G>A;],[LOW;intron_variant;DGCR2;Exon:;NM_005137.2:c.625+2328G>A;],[LOW;intron_variant;DGCR2;Exon:;NR_033674.1:n.758+2328G>A;]	NM_001173533.1:c.502+2328G>A,NM_001173534.1:c.493+2328G>A,NM_001184781.1:c.616+2328G>A,NM_005137.2:c.625+2328G>A	116	831.799987793	47	116	ENSG00000070413	DiGeorge_syndrome_critical_region_gene_2	9993	None	None	None	0.00469759991392	0.00469759991392	814	255676	None	ENST00000545799	233_269	6_11		rs73157299	"SYM:DGCR2|OE_LOF:0.54552|OE_MIS:0.90186|PLI:5.1573e-06|PNUL:0.032432|PREC:0.96756|ENST:ENST00000263196|ENSG:ENSG00000070413"	None	0.01	0.934	None	None	None	None		0.0	0.0	0.0	gatk-haplotype,samtools,freebayes	None
22:20457060	=HYPERLINK("http://genome.ucsc.edu/cgi-bin/hgTracks?db=hg19&hgt.out3=10x&position=22:20457060","UCSC_link")	=HYPERLINK("http://gnomad.broadinstitute.org/variant/22-20457060-C-G","GNOMAD_link")	C	G	snp	Het	RIMBP3	HGNC	C/G	synonymous_variant	LOW	5	[LOW;upstream_gene_variant;RN7SKP131;Exon:;;],[LOW;synonymous_variant;RIMBP3;Exon:1/1;ENST00000426804.1:c.4242G>C;ENSP00000391564.1:p.Val1414%3D],[LOW;downstream_gene_variant;SCARNA18;Exon:;;],[LOW;downstream_gene_variant;SCARNA17;Exon:;;],[LOW;synonymous_variant;RIMBP3;Exon:1/1;NM_015672.1:c.4242G>C;NP_056487.1:p.Val1414%3D]	NM_015672.1:c.4242G>C	72	982.799987793	44	72	ENSG00000275793	RIMS_binding_protein_3	85376	None	None	None	-1.0	-1.0	0	0	None	ENST00000426804	1414_1639	1_1	hmmpanther:PTHR14234&hmmpanther:PTHR14234:SF21	rs200551182	"SYM:RIMBP3|OE_LOF:0.92076|OE_MIS:0.82583|PLI:9.0005e-09|PNUL:0.83274|PREC:0.16726|ENST:ENST00000426804|ENSG:ENSG00000196622"	None	None	None	None	None	None	None		0.0	0.0	0.0	gatk-haplotype,samtools,freebayes	None
22:20457204	=HYPERLINK("http://genome.ucsc.edu/cgi-bin/hgTracks?db=hg19&hgt.out3=10x&position=22:20457204","UCSC_link")	=HYPERLINK("http://gnomad.broadinstitute.org/variant/22-20457204-G-A","GNOMAD_link")	G	A	snp	Het	RIMBP3	HGNC	G/A	synonymous_variant	LOW	5	[LOW;upstream_gene_variant;RN7SKP131;Exon:;;],[LOW;synonymous_variant;RIMBP3;Exon:1/1;ENST00000426804.1:c.4098C>T;ENSP00000391564.1:p.Gly1366%3D],[LOW;downstream_gene_variant;SCARNA18;Exon:;;],[LOW;downstream_gene_variant;SCARNA17;Exon:;;],[LOW;synonymous_variant;RIMBP3;Exon:1/1;NM_015672.1:c.4098C>T;NP_056487.1:p.Gly1366%3D]	NM_015672.1:c.4098C>T	124	1228.80004883	65	124	ENSG00000275793	RIMS_binding_protein_3	85376	None	None	None	-1.0	-1.0	0	0	None	ENST00000426804	1366_1639	1_1	hmmpanther:PTHR14234&hmmpanther:PTHR14234:SF21	rs141165655	"SYM:RIMBP3|OE_LOF:0.92076|OE_MIS:0.82583|PLI:9.0005e-09|PNUL:0.83274|PREC:0.16726|ENST:ENST00000426804|ENSG:ENSG00000196622"	None	None	None	None	None	None	None		0.0	0.0	0.0	gatk-haplotype,samtools,freebayes	None
22:20640612	=HYPERLINK("http://genome.ucsc.edu/cgi-bin/hgTracks?db=hg19&hgt.out3=10x&position=22:20640612","UCSC_link")	=HYPERLINK("http://gnomad.broadinstitute.org/variant/22-20640612-T-C","GNOMAD_link")	T	C	snp	Het	LINC01660	EntrezGene	T/C	synonymous_variant	LOW	10	[LOW;downstream_gene_variant;AC011718.2;Exon:;;],[LOW;upstream_gene_variant;AC011718.3;Exon:;;],[LOW;intron_variant;AC011718.2;Exon:;ENST00000414550.1:n.475-2453A>G;],[LOW;non_coding_transcript_exon_variant;AC011718.2;Exon:8/12;ENST00000577456.1:n.949A>G;],[LOW;intron_variant;LINC01660;Exon:;NR_136569.1:n.475-2453A>G;],[LOW;synonymous_variant;LINC01660;Exon:8/8;XM_003403490.4:c.765A>G;XP_003403538.4:p.Thr255%3D],[LOW;synonymous_variant;LINC01660;Exon:9/9;XM_005261880.1:c.825A>G;XP_005261937.1:p.Thr275%3D],[LOW;upstream_gene_variant;;Exon:;;]		454	106.0	150	256	ENSG00000274044	family_with_sequence_similarity_230_member_J	729461	None	None	None	-1.0	-1.0	0	0	None	XM_003403490.4	255_550	8_8		rs12157795	None	None	None	None	None	None	None	None		0.0	0.0	0.0	samtools,freebayes	None
22:20640922	=HYPERLINK("http://genome.ucsc.edu/cgi-bin/hgTracks?db=hg19&hgt.out3=10x&position=22:20640922","UCSC_link")	=HYPERLINK("http://gnomad.broadinstitute.org/variant/22-20640922-GCCTCGTTAGCGATGCCGTGGACAGCGT-G","GNOMAD_link")	GCCTCGTTAGCGATGCCGTGGACAGCGT	G	indel	Het	LINC01660	EntrezGene	GCCTCGTTAGCGATGCCGTGGACAGCGT/G	inframe_deletion	MED	10	[LOW;downstream_gene_variant;AC011718.2;Exon:;;],[LOW;upstream_gene_variant;AC011718.3;Exon:;;],[LOW;intron_variant;AC011718.2;Exon:;ENST00000414550.1:n.474+2276_474+2302del;],[LOW;non_coding_transcript_exon_variant;AC011718.2;Exon:8/8;ENST00000428139.1:n.495_521del;],[LOW;non_coding_transcript_exon_variant;AC011718.2;Exon:8/12;ENST00000577456.1:n.612_638del;],[LOW;intron_variant;LINC01660;Exon:;NR_136569.1:n.474+2276_474+2302del;],[MED;inframe_deletion;LINC01660;Exon:8/8;XM_003403490.4:c.428_454del;XP_003403538.4:p.Asp143_Glu151del],[MED;inframe_deletion;LINC01660;Exon:9/9;XM_005261880.1:c.488_514del;XP_005261937.1:p.Asp163_Glu171del],[LOW;upstream_gene_variant;;Exon:;;]		609	2200.69995117	169	569	ENSG00000274044	family_with_sequence_similarity_230_member_J	729461	None	None	None	-1.0	-1.0	0	0	None	XM_003403490.4	143-152_550	8_8		rs756883600	None	None	None	None	None	None	None	None		0.0	0.0	0.0	gatk-haplotype,freebayes	None
22:20709312	=HYPERLINK("http://genome.ucsc.edu/cgi-bin/hgTracks?db=hg19&hgt.out3=10x&position=22:20709312","UCSC_link")	=HYPERLINK("http://gnomad.broadinstitute.org/variant/22-20709312-C-T","GNOMAD_link")	C	T	snp	Het	FAM230A	HGNC	C/T	synonymous_variant	LOW	9	[LOW;synonymous_variant;FAM230A;Exon:8/8;ENST00000434783.3:c.1044C>T;ENSP00000463576.1:p.Asn348%3D],[LOW;intron_variant;USP41;Exon:;ENST00000454608.2:c.*3-4091G>A;],[LOW;intron_variant;USP41;Exon:;ENST00000486536.2:n.835-4091G>A;],[LOW;downstream_gene_variant;FAM230A;Exon:;;],[LOW;downstream_gene_variant;LOC101927859;Exon:;;],[LOW;intron_variant;;Exon:;XM_005261883.1:c.570-4091G>A;],[LOW;synonymous_variant;FAM230A;Exon:3/3;XM_005261895.1:c.921C>T;XP_005261952.1:p.Asn307%3D],[LOW;upstream_gene_variant;LOC101927859;Exon:;;],[LOW;intron_variant;;Exon:;XM_036729.11:c.852-4091G>A;]		88	1665.80004883	46	88	ENSG00000161133	ubiquitin_specific_peptidase_41	373856	None	None	None	0.00620160019025	0.00620160019025	54	32872	None	ENST00000434783	348_905	8_8	hmmpanther:PTHR22534	rs71312751	None	None	None	None	None	None	None	None		0.0	0.0	0.0	gatk-haplotype,samtools,freebayes	None
22:20714329	=HYPERLINK("http://genome.ucsc.edu/cgi-bin/hgTracks?db=hg19&hgt.out3=10x&position=22:20714329","UCSC_link")	=HYPERLINK("http://gnomad.broadinstitute.org/variant/22-20714329-G-A","GNOMAD_link")	G	A	snp	Het	LOC101927859	EntrezGene	G/A	missense_variant	MED	9	[LOW;downstream_gene_variant;USP41;Exon:;;],[LOW;3_prime_UTR_variant;FAM230A;Exon:8/8;ENST00000434783.3:c.*3343G>A;],[LOW;intron_variant;USP41;Exon:;ENST00000454608.2:c.*2+3586C>T;],[LOW;intron_variant;USP41;Exon:;ENST00000486536.2:n.834+3586C>T;],[LOW;intron_variant;;Exon:;XM_005261883.1:c.569+3586C>T;],[LOW;downstream_gene_variant;FAM230A;Exon:;;],[MED;missense_variant;LOC101927859;Exon:3/3;XM_005261896.1:c.1862G>A;XP_005261953.1:p.Arg621Lys],[LOW;intron_variant;;Exon:;XM_036729.11:c.851+3586C>T;]		120	555.799987793	31	120	ENSG00000161133	ubiquitin_specific_peptidase_41	373856	None	None	None	-1.0	-1.0	0	0	None	XM_005261896.1	621_1016	3_3		rs12168773	None	None	None	None	None	None	None	None		0.0	0.0	0.0	gatk-haplotype,samtools,freebayes	None
22:20714440	=HYPERLINK("http://genome.ucsc.edu/cgi-bin/hgTracks?db=hg19&hgt.out3=10x&position=22:20714440","UCSC_link")	=HYPERLINK("http://gnomad.broadinstitute.org/variant/22-20714440-C-T","GNOMAD_link")	C	T	snp	Het	LOC101927859	EntrezGene	C/T	missense_variant	MED	9	[LOW;downstream_gene_variant;USP41;Exon:;;],[LOW;3_prime_UTR_variant;FAM230A;Exon:8/8;ENST00000434783.3:c.*3454C>T;],[LOW;intron_variant;USP41;Exon:;ENST00000454608.2:c.*2+3475G>A;],[LOW;intron_variant;USP41;Exon:;ENST00000486536.2:n.834+3475G>A;],[LOW;intron_variant;;Exon:;XM_005261883.1:c.569+3475G>A;],[LOW;downstream_gene_variant;FAM230A;Exon:;;],[MED;missense_variant;LOC101927859;Exon:3/3;XM_005261896.1:c.1973C>T;XP_005261953.1:p.Thr658Met],[LOW;intron_variant;;Exon:;XM_036729.11:c.851+3475G>A;]		150	765.799987793	39	147	ENSG00000161133	ubiquitin_specific_peptidase_41	373856	None	None	None	-1.0	-1.0	0	0	None	XM_005261896.1	658_1016	3_3		rs62218257	None	None	None	None	None	None	None	None		0.0	0.0	0.0	gatk-haplotype,samtools,freebayes	None
22:20714575	=HYPERLINK("http://genome.ucsc.edu/cgi-bin/hgTracks?db=hg19&hgt.out3=10x&position=22:20714575","UCSC_link")	=HYPERLINK("http://gnomad.broadinstitute.org/variant/22-20714575-T-C","GNOMAD_link")	T	C	snp	Het	LOC101927859	EntrezGene	T/C	missense_variant	MED	9	[LOW;downstream_gene_variant;USP41;Exon:;;],[LOW;3_prime_UTR_variant;FAM230A;Exon:8/8;ENST00000434783.3:c.*3589T>C;],[LOW;intron_variant;USP41;Exon:;ENST00000454608.2:c.*2+3340A>G;],[LOW;intron_variant;USP41;Exon:;ENST00000486536.2:n.834+3340A>G;],[LOW;intron_variant;;Exon:;XM_005261883.1:c.569+3340A>G;],[LOW;downstream_gene_variant;FAM230A;Exon:;;],[MED;missense_variant;LOC101927859;Exon:3/3;XM_005261896.1:c.2108T>C;XP_005261953.1:p.Leu703Ser],[LOW;intron_variant;;Exon:;XM_036729.11:c.851+3340A>G;]		262	657.799987793	55	262	ENSG00000161133	ubiquitin_specific_peptidase_41	373856	None	None	None	-1.0	-1.0	0	0	None	XM_005261896.1	703_1016	3_3		rs373986566	None	None	None	None	None	None	None	None		0.0	0.0	0.0	gatk-haplotype,samtools,freebayes	None
22:20714618	=HYPERLINK("http://genome.ucsc.edu/cgi-bin/hgTracks?db=hg19&hgt.out3=10x&position=22:20714618","UCSC_link")	=HYPERLINK("http://gnomad.broadinstitute.org/variant/22-20714618-G-C","GNOMAD_link")	G	C	snp	Het	LOC101927859	EntrezGene	G/C	synonymous_variant	LOW	9	[LOW;downstream_gene_variant;USP41;Exon:;;],[LOW;3_prime_UTR_variant;FAM230A;Exon:8/8;ENST00000434783.3:c.*3632G>C;],[LOW;intron_variant;USP41;Exon:;ENST00000454608.2:c.*2+3297C>G;],[LOW;intron_variant;USP41;Exon:;ENST00000486536.2:n.834+3297C>G;],[LOW;intron_variant;;Exon:;XM_005261883.1:c.569+3297C>G;],[LOW;downstream_gene_variant;FAM230A;Exon:;;],[LOW;synonymous_variant;LOC101927859;Exon:3/3;XM_005261896.1:c.2151G>C;XP_005261953.1:p.Ser717%3D],[LOW;intron_variant;;Exon:;XM_036729.11:c.851+3297C>G;]		245	1385.80004883	78	245	ENSG00000161133	ubiquitin_specific_peptidase_41	373856	None	None	None	-1.0	-1.0	0	0	None	XM_005261896.1	717_1016	3_3		rs62218259	None	None	None	None	None	None	None	None		0.0	0.0	0.0	gatk-haplotype,samtools,freebayes	None
22:20714686	=HYPERLINK("http://genome.ucsc.edu/cgi-bin/hgTracks?db=hg19&hgt.out3=10x&position=22:20714686","UCSC_link")	=HYPERLINK("http://gnomad.broadinstitute.org/variant/22-20714686-C-T","GNOMAD_link")	C	T	snp	Het	LOC101927859	EntrezGene	C/T	missense_variant	MED	9	[LOW;downstream_gene_variant;USP41;Exon:;;],[LOW;3_prime_UTR_variant;FAM230A;Exon:8/8;ENST00000434783.3:c.*3700C>T;],[LOW;intron_variant;USP41;Exon:;ENST00000454608.2:c.*2+3229G>A;],[LOW;intron_variant;USP41;Exon:;ENST00000486536.2:n.834+3229G>A;],[LOW;intron_variant;;Exon:;XM_005261883.1:c.569+3229G>A;],[LOW;downstream_gene_variant;FAM230A;Exon:;;],[MED;missense_variant;LOC101927859;Exon:3/3;XM_005261896.1:c.2219C>T;XP_005261953.1:p.Pro740Leu],[LOW;intron_variant;;Exon:;XM_036729.11:c.851+3229G>A;]		223	222.0	43	132	ENSG00000161133	ubiquitin_specific_peptidase_41	373856	None	None	None	-1.0	-1.0	0	0	None	XM_005261896.1	740_1016	3_3		rs377606032	None	None	None	None	None	None	None	None		0.0	0.0	0.0	samtools,freebayes	None
22:20714915	=HYPERLINK("http://genome.ucsc.edu/cgi-bin/hgTracks?db=hg19&hgt.out3=10x&position=22:20714915","UCSC_link")	=HYPERLINK("http://gnomad.broadinstitute.org/variant/22-20714915-G-T","GNOMAD_link")	G	T	snp	Het	LOC101927859	EntrezGene	G/T	synonymous_variant	LOW	9	[LOW;downstream_gene_variant;USP41;Exon:;;],[LOW;3_prime_UTR_variant;FAM230A;Exon:8/8;ENST00000434783.3:c.*3929G>T;],[LOW;intron_variant;USP41;Exon:;ENST00000454608.2:c.*2+3000C>A;],[LOW;intron_variant;USP41;Exon:;ENST00000486536.2:n.834+3000C>A;],[LOW;intron_variant;;Exon:;XM_005261883.1:c.569+3000C>A;],[LOW;downstream_gene_variant;FAM230A;Exon:;;],[LOW;synonymous_variant;LOC101927859;Exon:3/3;XM_005261896.1:c.2448G>T;XP_005261953.1:p.Ser816%3D],[LOW;intron_variant;;Exon:;XM_036729.11:c.851+3000C>A;]		136	1611.80004883	46	136	ENSG00000161133	ubiquitin_specific_peptidase_41	373856	None	None	None	-1.0	-1.0	0	0	None	XM_005261896.1	816_1016	3_3		rs62218960	None	None	None	None	None	None	None	None		0.0	0.0	0.0	gatk-haplotype,samtools,platypus,freebayes	None
22:20715070	=HYPERLINK("http://genome.ucsc.edu/cgi-bin/hgTracks?db=hg19&hgt.out3=10x&position=22:20715070","UCSC_link")	=HYPERLINK("http://gnomad.broadinstitute.org/variant/22-20715070-C-G","GNOMAD_link")	C	G	snp	Het	LOC101927859	EntrezGene	C/G	missense_variant	MED	9	[LOW;downstream_gene_variant;USP41;Exon:;;],[LOW;3_prime_UTR_variant;FAM230A;Exon:8/8;ENST00000434783.3:c.*4084C>G;],[LOW;intron_variant;USP41;Exon:;ENST00000454608.2:c.*2+2845G>C;],[LOW;intron_variant;USP41;Exon:;ENST00000486536.2:n.834+2845G>C;],[LOW;intron_variant;;Exon:;XM_005261883.1:c.569+2845G>C;],[LOW;downstream_gene_variant;FAM230A;Exon:;;],[MED;missense_variant;LOC101927859;Exon:3/3;XM_005261896.1:c.2603C>G;XP_005261953.1:p.Thr868Arg],[LOW;intron_variant;;Exon:;XM_036729.11:c.851+2845G>C;]		360	123.0	43	216	ENSG00000161133	ubiquitin_specific_peptidase_41	373856	None	None	None	-1.0	-1.0	0	0	None	XM_005261896.1	868_1016	3_3		rs377655766	None	None	None	None	None	None	None	None		0.0	0.0	0.0	samtools,freebayes	None
22:20715157	=HYPERLINK("http://genome.ucsc.edu/cgi-bin/hgTracks?db=hg19&hgt.out3=10x&position=22:20715157","UCSC_link")	=HYPERLINK("http://gnomad.broadinstitute.org/variant/22-20715157-T-C","GNOMAD_link")	T	C	snp	Het	LOC101927859	EntrezGene	T/C	missense_variant	MED	9	[LOW;downstream_gene_variant;USP41;Exon:;;],[LOW;3_prime_UTR_variant;FAM230A;Exon:8/8;ENST00000434783.3:c.*4171T>C;],[LOW;intron_variant;USP41;Exon:;ENST00000454608.2:c.*2+2758A>G;],[LOW;intron_variant;USP41;Exon:;ENST00000486536.2:n.834+2758A>G;],[LOW;intron_variant;;Exon:;XM_005261883.1:c.569+2758A>G;],[LOW;downstream_gene_variant;FAM230A;Exon:;;],[MED;missense_variant;LOC101927859;Exon:3/3;XM_005261896.1:c.2690T>C;XP_005261953.1:p.Leu897Ser],[LOW;intron_variant;;Exon:;XM_036729.11:c.851+2758A>G;]		349	222.0	97	200	ENSG00000161133	ubiquitin_specific_peptidase_41	373856	None	None	None	-1.0	-1.0	0	0	None	XM_005261896.1	897_1016	3_3		rs62218962	None	None	None	None	None	None	None	None		0.0	0.0	0.0	samtools,freebayes	None
22:20715172	=HYPERLINK("http://genome.ucsc.edu/cgi-bin/hgTracks?db=hg19&hgt.out3=10x&position=22:20715172","UCSC_link")	=HYPERLINK("http://gnomad.broadinstitute.org/variant/22-20715172-C-T","GNOMAD_link")	C	T	snp	Het	LOC101927859	EntrezGene	C/T	missense_variant	MED	9	[LOW;downstream_gene_variant;USP41;Exon:;;],[LOW;3_prime_UTR_variant;FAM230A;Exon:8/8;ENST00000434783.3:c.*4186C>T;],[LOW;intron_variant;USP41;Exon:;ENST00000454608.2:c.*2+2743G>A;],[LOW;intron_variant;USP41;Exon:;ENST00000486536.2:n.834+2743G>A;],[LOW;intron_variant;;Exon:;XM_005261883.1:c.569+2743G>A;],[LOW;downstream_gene_variant;FAM230A;Exon:;;],[MED;missense_variant;LOC101927859;Exon:3/3;XM_005261896.1:c.2705C>T;XP_005261953.1:p.Pro902Leu],[LOW;intron_variant;;Exon:;XM_036729.11:c.851+2743G>A;]		280	1578.80004883	105	279	ENSG00000161133	ubiquitin_specific_peptidase_41	373856	None	None	None	0.00526320002973	0.00526320002973	69	27836	None	XM_005261896.1	902_1016	3_3		rs535584722	None	None	None	None	None	None	None	None		0.0	0.0	0.0	gatk-haplotype,samtools,freebayes	None
22:21383429	=HYPERLINK("http://genome.ucsc.edu/cgi-bin/hgTracks?db=hg19&hgt.out3=10x&position=22:21383429","UCSC_link")	=HYPERLINK("http://gnomad.broadinstitute.org/variant/22-21383429-A-T","GNOMAD_link")	A	T	snp	Het	SLC7A4	HGNC	A/T	missense_variant	MED	19	[LOW;downstream_gene_variant;P2RX6;Exon:;;],[MED;missense_variant;SLC7A4;Exon:5/5;ENST00000382932.2:c.1823T>A;ENSP00000372390.2:p.Phe608Tyr],[MED;missense_variant;SLC7A4;Exon:5/5;ENST00000403586.1:c.1823T>A;ENSP00000384278.1:p.Phe608Tyr],[LOW;downstream_gene_variant;SLC7A4;Exon:;;],[LOW;upstream_gene_variant;AC002472.11;Exon:;;],[MED;missense_variant;SLC7A4;Exon:5/5;NM_004173.2:c.1823T>A;NP_004164.2:p.Phe608Tyr],[MED;missense_variant;SLC7A4;Exon:5/5;XM_005261716.1:c.1823T>A;XP_005261773.1:p.Phe608Tyr],[MED;missense_variant;SLC7A4;Exon:5/5;XM_005261717.1:c.1823T>A;XP_005261774.1:p.Phe608Tyr]	NM_004173.2:c.1823T>A	94	832.799987793	43	94	ENSG00000099960	solute_carrier_family_7_member_4	6545	None	None	None	0.00130700005684	0.00130700005684	225	281930	None	ENST00000382932	608_635	5_5	hmmpanther:PTHR11785&hmmpanther:PTHR11785:SF196	rs55700350	"SYM:SLC7A4|OE_LOF:0.75626|OE_MIS:0.98976|PLI:2.8317e-07|PNUL:0.47404|PREC:0.52596|ENST:ENST00000382932|ENSG:ENSG00000099960"	1.199000	0.15	0.003	20.3	0.28,0.279,0.28	0.244	5.12		0.0	0.0	0.0	gatk-haplotype,samtools,platypus,freebayes	None
22:21481188	=HYPERLINK("http://genome.ucsc.edu/cgi-bin/hgTracks?db=hg19&hgt.out3=10x&position=22:21481188","UCSC_link")	=HYPERLINK("http://gnomad.broadinstitute.org/variant/22-21481188-T-C","GNOMAD_link")	T	C	snp	Hom	POM121L7	HGNC	C/C	synonymous_variant	LOW	5	[LOW;synonymous_variant;POM121L7;Exon:1/1;ENST00000329949.3:c.738A>G;ENSP00000383394.2:p.Gln246%3D],[LOW;downstream_gene_variant;BCRP2;Exon:;;],[LOW;synonymous_variant;POM121L7;Exon:1/2;ENST00000419447.1:c.738A>G;ENSP00000410855.1:p.Gln246%3D],[LOW;upstream_gene_variant;KB-1592A4.15;Exon:;;]		68	10.8999996185	30	38	None	POM121_transmembrane_nucleoporin_like_7_pseudogene	728418	None	None	None	0.00165630003903	0.00165630003903	35	46930	None	ENST00000329949	246_462	1_1	Pfam_domain:PF15229&hmmpanther:PTHR15566	rs547662	None	None	None	None	None	None	None	None		0.0	0.0	0.0	samtools,freebayes	None
22:21537945	=HYPERLINK("http://genome.ucsc.edu/cgi-bin/hgTracks?db=hg19&hgt.out3=10x&position=22:21537945","UCSC_link")	=HYPERLINK("http://gnomad.broadinstitute.org/variant/22-21537945-G-C","GNOMAD_link")	G	C	snp	Het	FAM230B	EntrezGene	G/C	splice_region_variant	MED	9	[LOW;intron_variant;FAM230B;Exon:;ENST00000415376.1:n.475-2465G>C;],[LOW;upstream_gene_variant;KB-1592A4.14;Exon:;;],[LOW;downstream_gene_variant;FAM230B;Exon:;;],[LOW;non_coding_transcript_exon_variant;FAM230B;Exon:8/12;ENST00000451257.1:n.931G>C;],[MED;splice_region_variant;FAM230B;Exon:;NR_108107.1:n.691-4G>C;],[LOW;upstream_gene_variant;;Exon:;;],[LOW;non_coding_transcript_exon_variant;FAM230B;Exon:8/9;XR_244453.1:n.747G>C;]		127	103.0	19	69	ENSG00000215498	family_with_sequence_similarity_230_member_B	642633	None	None	None	-1.0	-1.0	0	0	None	NR_108107.1				rs369402658	None	None	None	None	None	None	None	None	splice_polypyrimidine_tract_variant	-11.733	-6.36	-18.093	samtools,freebayes	None
22:21538484	=HYPERLINK("http://genome.ucsc.edu/cgi-bin/hgTracks?db=hg19&hgt.out3=10x&position=22:21538484","UCSC_link")	=HYPERLINK("http://gnomad.broadinstitute.org/variant/22-21538484-G-A","GNOMAD_link")	G	A	snp	Het	FAM230B	EntrezGene	G/A	splice_donor_variant	HIGH	9	[LOW;intron_variant;FAM230B;Exon:;ENST00000415376.1:n.475-1926G>A;],[LOW;upstream_gene_variant;KB-1592A4.14;Exon:;;],[LOW;downstream_gene_variant;FAM230B;Exon:;;],[LOW;non_coding_transcript_exon_variant;FAM230B;Exon:8/12;ENST00000451257.1:n.1470G>A;],[LOW;non_coding_transcript_exon_variant;FAM230B;Exon:9/13;NR_108107.1:n.1226G>A;],[LOW;upstream_gene_variant;;Exon:;;],[HIGH;splice_donor_variant;FAM230B;Exon:;XR_244453.1:n.1285+1G>A;]		61	105.0	21	47	ENSG00000215498	family_with_sequence_similarity_230_member_B	642633	None	None	None	0.00121649994981	0.00121649994981	1	4094	None	XR_244453.1				rs796490501	None	None	None	None	None	None	None	None		-4.088	8.182	4.094	samtools,freebayes	None
22:21663197	=HYPERLINK("http://genome.ucsc.edu/cgi-bin/hgTracks?db=hg19&hgt.out3=10x&position=22:21663197","UCSC_link")	=HYPERLINK("http://gnomad.broadinstitute.org/variant/22-21663197-C-G","GNOMAD_link")	C	G	snp	Hom	LOC100996335	EntrezGene	G/G	missense_variant	MED	10	[LOW;downstream_gene_variant;FAM230C;Exon:;;],[LOW;intron_variant;FAM230C;Exon:;ENST00000416615.1:n.546-1883G>C;],[LOW;upstream_gene_variant;KB-1183D5.14;Exon:;;],[LOW;non_coding_transcript_exon_variant;FAM230C;Exon:1/3;ENST00000436681.1:n.974G>C;],[LOW;non_coding_transcript_exon_variant;FAM230C;Exon:2/2;ENST00000440315.2:n.509G>C;],[LOW;non_coding_transcript_exon_variant;FAM230C;Exon:8/12;ENST00000447720.1:n.1162G>C;],[LOW;non_coding_transcript_exon_variant;LOC100996335;Exon:8/12;NR_136559.1:n.1054G>C;],[MED;missense_variant;LOC100996335;Exon:8/12;XM_005261891.1:c.978G>C;XP_005261948.1:p.Gln326His]		137	6.0	9	88	ENSG00000206142	family_with_sequence_similarity_230_member_H	100996335	None	None	None	-1.0	-1.0	0	0	None	XM_005261891.1	326_430	8_12		rs1220849044	None	None	None	None	None	None	None	None		0.0	0.0	0.0	samtools,freebayes	None
22:21663305	=HYPERLINK("http://genome.ucsc.edu/cgi-bin/hgTracks?db=hg19&hgt.out3=10x&position=22:21663305","UCSC_link")	=HYPERLINK("http://gnomad.broadinstitute.org/variant/22-21663305-A-C","GNOMAD_link")	A	C	snp	Hom	LOC100996335	EntrezGene	C/C	missense_variant	MED	10	[LOW;downstream_gene_variant;FAM230C;Exon:;;],[LOW;intron_variant;FAM230C;Exon:;ENST00000416615.1:n.546-1991T>G;],[LOW;upstream_gene_variant;KB-1183D5.14;Exon:;;],[LOW;non_coding_transcript_exon_variant;FAM230C;Exon:1/3;ENST00000436681.1:n.866T>G;],[LOW;non_coding_transcript_exon_variant;FAM230C;Exon:2/2;ENST00000440315.2:n.401T>G;],[LOW;non_coding_transcript_exon_variant;FAM230C;Exon:8/12;ENST00000447720.1:n.1054T>G;],[LOW;non_coding_transcript_exon_variant;LOC100996335;Exon:8/12;NR_136559.1:n.946T>G;],[MED;missense_variant;LOC100996335;Exon:8/12;XM_005261891.1:c.870T>G;XP_005261948.1:p.His290Gln]		77	56.0	14	14	ENSG00000206142	family_with_sequence_similarity_230_member_H	100996335	None	None	None	-1.0	-1.0	0	0	None	XM_005261891.1	290_430	8_12		rs661709	None	None	None	None	None	None	None	None		0.0	0.0	0.0	samtools,freebayes	None
22:21663334	=HYPERLINK("http://genome.ucsc.edu/cgi-bin/hgTracks?db=hg19&hgt.out3=10x&position=22:21663334","UCSC_link")	=HYPERLINK("http://gnomad.broadinstitute.org/variant/22-21663334-G-T","GNOMAD_link")	G	T	snp	Het	LOC100996335	EntrezGene	G/T	missense_variant	MED	10	[LOW;downstream_gene_variant;FAM230C;Exon:;;],[LOW;intron_variant;FAM230C;Exon:;ENST00000416615.1:n.546-2020C>A;],[LOW;upstream_gene_variant;KB-1183D5.14;Exon:;;],[LOW;non_coding_transcript_exon_variant;FAM230C;Exon:1/3;ENST00000436681.1:n.837C>A;],[LOW;non_coding_transcript_exon_variant;FAM230C;Exon:2/2;ENST00000440315.2:n.372C>A;],[LOW;non_coding_transcript_exon_variant;FAM230C;Exon:8/12;ENST00000447720.1:n.1025C>A;],[LOW;non_coding_transcript_exon_variant;LOC100996335;Exon:8/12;NR_136559.1:n.917C>A;],[MED;missense_variant;LOC100996335;Exon:8/12;XM_005261891.1:c.841C>A;XP_005261948.1:p.Gln281Lys]		105	8.30000019073	15	72	ENSG00000206142	family_with_sequence_similarity_230_member_H	100996335	None	None	None	-1.0	-1.0	0	0	None	XM_005261891.1	281_430	8_12		None	None	None	None	None	None	None	None	None		0.0	0.0	0.0	samtools,freebayes	None
22:21663336	=HYPERLINK("http://genome.ucsc.edu/cgi-bin/hgTracks?db=hg19&hgt.out3=10x&position=22:21663336","UCSC_link")	=HYPERLINK("http://gnomad.broadinstitute.org/variant/22-21663336-G-T","GNOMAD_link")	G	T	snp	Het	LOC100996335	EntrezGene	G/T	missense_variant	MED	10	[LOW;downstream_gene_variant;FAM230C;Exon:;;],[LOW;intron_variant;FAM230C;Exon:;ENST00000416615.1:n.546-2022C>A;],[LOW;upstream_gene_variant;KB-1183D5.14;Exon:;;],[LOW;non_coding_transcript_exon_variant;FAM230C;Exon:1/3;ENST00000436681.1:n.835C>A;],[LOW;non_coding_transcript_exon_variant;FAM230C;Exon:2/2;ENST00000440315.2:n.370C>A;],[LOW;non_coding_transcript_exon_variant;FAM230C;Exon:8/12;ENST00000447720.1:n.1023C>A;],[LOW;non_coding_transcript_exon_variant;LOC100996335;Exon:8/12;NR_136559.1:n.915C>A;],[MED;missense_variant;LOC100996335;Exon:8/12;XM_005261891.1:c.839C>A;XP_005261948.1:p.Ala280Asp]		107	26.8999996185	17	72	ENSG00000206142	family_with_sequence_similarity_230_member_H	100996335	None	None	None	-1.0	-1.0	0	0	None	XM_005261891.1	280_430	8_12		None	None	None	None	None	None	None	None	None		0.0	0.0	0.0	samtools,freebayes	None
22:21663342	=HYPERLINK("http://genome.ucsc.edu/cgi-bin/hgTracks?db=hg19&hgt.out3=10x&position=22:21663342","UCSC_link")	=HYPERLINK("http://gnomad.broadinstitute.org/variant/22-21663342-C-G","GNOMAD_link")	C	G	snp	Het	LOC100996335	EntrezGene	C/G	missense_variant	MED	10	[LOW;downstream_gene_variant;FAM230C;Exon:;;],[LOW;intron_variant;FAM230C;Exon:;ENST00000416615.1:n.546-2028G>C;],[LOW;upstream_gene_variant;KB-1183D5.14;Exon:;;],[LOW;non_coding_transcript_exon_variant;FAM230C;Exon:1/3;ENST00000436681.1:n.829G>C;],[LOW;non_coding_transcript_exon_variant;FAM230C;Exon:2/2;ENST00000440315.2:n.364G>C;],[LOW;non_coding_transcript_exon_variant;FAM230C;Exon:8/12;ENST00000447720.1:n.1017G>C;],[LOW;non_coding_transcript_exon_variant;LOC100996335;Exon:8/12;NR_136559.1:n.909G>C;],[MED;missense_variant;LOC100996335;Exon:8/12;XM_005261891.1:c.833G>C;XP_005261948.1:p.Gly278Ala]		117	28.0	17	69	ENSG00000206142	family_with_sequence_similarity_230_member_H	100996335	None	None	None	-1.0	-1.0	0	0	None	XM_005261891.1	278_430	8_12		rs371004112	None	None	None	None	None	None	None	None		0.0	0.0	0.0	samtools,freebayes	None
22:21663552	=HYPERLINK("http://genome.ucsc.edu/cgi-bin/hgTracks?db=hg19&hgt.out3=10x&position=22:21663552","UCSC_link")	=HYPERLINK("http://gnomad.broadinstitute.org/variant/22-21663552-G-A","GNOMAD_link")	G	A	snp	Het	LOC100996335	EntrezGene	G/A	missense_variant	MED	10	[LOW;downstream_gene_variant;FAM230C;Exon:;;],[LOW;intron_variant;FAM230C;Exon:;ENST00000416615.1:n.546-2238C>T;],[LOW;upstream_gene_variant;KB-1183D5.14;Exon:;;],[LOW;non_coding_transcript_exon_variant;FAM230C;Exon:1/3;ENST00000436681.1:n.619C>T;],[LOW;non_coding_transcript_exon_variant;FAM230C;Exon:1/2;ENST00000440315.2:n.181C>T;],[LOW;non_coding_transcript_exon_variant;FAM230C;Exon:8/12;ENST00000447720.1:n.807C>T;],[LOW;non_coding_transcript_exon_variant;LOC100996335;Exon:8/12;NR_136559.1:n.699C>T;],[MED;missense_variant;LOC100996335;Exon:8/12;XM_005261891.1:c.623C>T;XP_005261948.1:p.Ala208Val]		208	382.799987793	39	190	ENSG00000206142	family_with_sequence_similarity_230_member_H	100996335	None	None	None	-1.0	-1.0	0	0	None	XM_005261891.1	208_430	8_12		rs62236681	None	None	None	None	None	None	None	None		0.0	0.0	0.0	gatk-haplotype,samtools	None
22:21663692	=HYPERLINK("http://genome.ucsc.edu/cgi-bin/hgTracks?db=hg19&hgt.out3=10x&position=22:21663692","UCSC_link")	=HYPERLINK("http://gnomad.broadinstitute.org/variant/22-21663692-G-A","GNOMAD_link")	G	A	snp	Het	LOC100996335	EntrezGene	G/A	synonymous_variant	LOW	10	[LOW;downstream_gene_variant;FAM230C;Exon:;;],[LOW;intron_variant;FAM230C;Exon:;ENST00000416615.1:n.545+2337C>T;],[LOW;upstream_gene_variant;KB-1183D5.14;Exon:;;],[LOW;non_coding_transcript_exon_variant;FAM230C;Exon:1/3;ENST00000436681.1:n.479C>T;],[LOW;non_coding_transcript_exon_variant;FAM230C;Exon:1/2;ENST00000440315.2:n.41C>T;],[LOW;non_coding_transcript_exon_variant;FAM230C;Exon:8/12;ENST00000447720.1:n.667C>T;],[LOW;non_coding_transcript_exon_variant;LOC100996335;Exon:8/12;NR_136559.1:n.559C>T;],[LOW;synonymous_variant;LOC100996335;Exon:8/12;XM_005261891.1:c.483C>T;XP_005261948.1:p.Asp161%3D]		226	104.0	54	140	ENSG00000206142	family_with_sequence_similarity_230_member_H	100996335	None	None	None	-1.0	-1.0	0	0	None	XM_005261891.1	161_430	8_12		rs673747	None	None	None	None	None	None	None	None		0.0	0.0	0.0	samtools,freebayes	None
22:21742684	=HYPERLINK("http://genome.ucsc.edu/cgi-bin/hgTracks?db=hg19&hgt.out3=10x&position=22:21742684","UCSC_link")	=HYPERLINK("http://gnomad.broadinstitute.org/variant/22-21742684-C-T","GNOMAD_link")	C	T	snp	Het	RIMBP3B	HGNC	C/T	missense_variant	MED	5	[LOW;upstream_gene_variant;RN7SKP63;Exon:;;],[MED;missense_variant;RIMBP3B;Exon:1/1;ENST00000434111.1:c.4537C>T;ENSP00000407925.1:p.Arg1513Cys],[LOW;downstream_gene_variant;SCARNA17;Exon:;;],[LOW;downstream_gene_variant;SCARNA18;Exon:;;],[MED;missense_variant;RIMBP3B;Exon:1/1;NM_001128635.1:c.4537C>T;NP_001122107.1:p.Arg1513Cys]	NM_001128635.1:c.4537C>T	69	11.6999998093	23	42	ENSG00000274600	RIMS_binding_protein_3B	440804	None	None	None	-1.0	-1.0	0	0	None	ENST00000434111	1513_1639	1_1	Gene3D:2.30.30.40&hmmpanther:PTHR14234&hmmpanther:PTHR14234:SF21&SMART_domains:SM00326&Superfamily_domains:SSF50044	rs469096	"SYM:RIMBP3B|OE_LOF:0.0|OE_MIS:0.86426|PLI:0.41247|PNUL:0.11157|PREC:0.47596|ENST:ENST00000434111|ENSG:ENSG00000196934"	0.610000	0.0	0.466	23.9	0.281,0.279,0.25,0.279	0.085	1.85		0.0	0.0	0.0	samtools,freebayes	None
22:21832202	=HYPERLINK("http://genome.ucsc.edu/cgi-bin/hgTracks?db=hg19&hgt.out3=10x&position=22:21832202","UCSC_link")	=HYPERLINK("http://gnomad.broadinstitute.org/variant/22-21832202-G-A","GNOMAD_link")	G	A	snp	Het	PI4KAP2	HGNC	G/A	splice_region_variant	MED	13	[MED;splice_region_variant;PI4KAP2;Exon:13/18;ENST00000360806.4:n.1479C>T;],[MED;splice_region_variant;PI4KAP2;Exon:13/17;ENST00000450651.1:n.1467C>T;],[MED;splice_region_variant;PI4KAP2;Exon:11/15;ENST00000462560.2:n.1110C>T;],[MED;splice_region_variant;PI4KAP2;Exon:7/10;ENST00000463608.1:n.563C>T;],[MED;splice_region_variant;PI4KAP2;Exon:13/13;ENST00000467443.1:n.1336C>T;],[LOW;upstream_gene_variant;PI4KAP2;Exon:;;],[MED;splice_region_variant;PI4KAP2;Exon:13/13;ENST00000479693.1:n.1406C>T;],[MED;splice_region_variant;PI4KAP2;Exon:11/11;ENST00000480319.1:n.3339C>T;],[MED;splice_region_variant;PI4KAP2;Exon:6/9;ENST00000486209.1:n.1046C>T;],[MED;splice_region_variant;PI4KAP2;Exon:10/14;ENST00000494740.1:n.883C>T;],[MED;splice_region_variant;PI4KAP2;Exon:11/16;ENST00000546263.1:n.1148C>T;],[MED;splice_region_variant;PI4KAP2;Exon:13/17;NR_003700.1:n.1377C>T;]		106	423.799987793	34	106	ENSG00000183506	phosphatidylinositol_4-kinase_alpha_pseudogene_2	375133	None	None	None	-1.0	-1.0	0	0	None	ENST00000450651		13_17		rs62237341	None	None	None	None	None	None	None	None		6.656	0.037	6.693	gatk-haplotype,samtools,freebayes	None
22:22385627	=HYPERLINK("http://genome.ucsc.edu/cgi-bin/hgTracks?db=hg19&hgt.out3=10x&position=22:22385627","UCSC_link")	=HYPERLINK("http://gnomad.broadinstitute.org/variant/22-22385627-A-G","GNOMAD_link")	A	G	snp	Het	IGLV4-69	EntrezGene	A/G	missense_variant	MED	12	[LOW;intron_variant;PRAMENP;Exon:;ENST00000337471.4:n.254-4902T>C;],[MED;missense_variant;IGLV4-69;Exon:2/2;ENST00000390282.2:c.116A>G;ENSP00000374817.2:p.Lys39Arg],[LOW;intron_variant;PRAMENP;Exon:;ENST00000419303.1:n.178-4902T>C;],[LOW;upstream_gene_variant;IGLVI-68;Exon:;;],[LOW;downstream_gene_variant;IGLVI-70;Exon:;;],[LOW;intron_variant;PRAMENP;Exon:;ENST00000546598.1:n.254-4902T>C;],[MED;missense_variant;IGLV4-69;Exon:2/2;NC_000022.10:IGLV4-69:u_t_1.1:c.116A>G;NC_000022.10:IGLV4-69:u_t_1.1:p.Lys39Arg],[LOW;intron_variant;PRAMENP;Exon:;NR_135291.1:n.254-4902T>C;],[LOW;intron_variant;PRAMENP;Exon:;XR_109745.3:n.254-4902T>C;],[LOW;regulatory_region_variant;;Exon:;;]		232	1267.80004883	69	232	ENSG00000197549	PRAME_N-terminal_like,_pseudogene	649179	None	None	None	9.06029981707e-06	9.06029981707e-06	1	246532	None	NC_000022.10:IGLV4-69:u_t_1	39_119	2_2		rs546553527	None	None	0.81	0.009	None	None	None	None		0.0	0.0	0.0	gatk-haplotype,samtools,freebayes	None
22:22385660	=HYPERLINK("http://genome.ucsc.edu/cgi-bin/hgTracks?db=hg19&hgt.out3=10x&position=22:22385660","UCSC_link")	=HYPERLINK("http://gnomad.broadinstitute.org/variant/22-22385660-G-A","GNOMAD_link")	G	A	snp	Het	IGLV4-69	EntrezGene	G/A	missense_variant	MED	12	[LOW;intron_variant;PRAMENP;Exon:;ENST00000337471.4:n.254-4935C>T;],[MED;missense_variant;IGLV4-69;Exon:2/2;ENST00000390282.2:c.149G>A;ENSP00000374817.2:p.Ser50Asn],[LOW;intron_variant;PRAMENP;Exon:;ENST00000419303.1:n.178-4935C>T;],[LOW;upstream_gene_variant;IGLVI-68;Exon:;;],[LOW;downstream_gene_variant;IGLVI-70;Exon:;;],[LOW;intron_variant;PRAMENP;Exon:;ENST00000546598.1:n.254-4935C>T;],[MED;missense_variant;IGLV4-69;Exon:2/2;NC_000022.10:IGLV4-69:u_t_1.1:c.149G>A;NC_000022.10:IGLV4-69:u_t_1.1:p.Ser50Asn],[LOW;intron_variant;PRAMENP;Exon:;NR_135291.1:n.254-4935C>T;],[LOW;intron_variant;PRAMENP;Exon:;XR_109745.3:n.254-4935C>T;],[LOW;regulatory_region_variant;;Exon:;;]		204	1836.80004883	57	203	ENSG00000197549	PRAME_N-terminal_like,_pseudogene	649179	None	None	None	9.95820009848e-05	9.95820009848e-05	7	246570	None	NC_000022.10:IGLV4-69:u_t_1	50_119	2_2		rs760624399	None	None	0.63	0.012	None	None	None	None		0.0	0.0	0.0	gatk-haplotype,samtools,freebayes	None
22:22385669	=HYPERLINK("http://genome.ucsc.edu/cgi-bin/hgTracks?db=hg19&hgt.out3=10x&position=22:22385669","UCSC_link")	=HYPERLINK("http://gnomad.broadinstitute.org/variant/22-22385669-T-C","GNOMAD_link")	T	C	snp	Het	IGLV4-69	EntrezGene	T/C	missense_variant	MED	12	[LOW;intron_variant;PRAMENP;Exon:;ENST00000337471.4:n.254-4944A>G;],[MED;missense_variant;IGLV4-69;Exon:2/2;ENST00000390282.2:c.158T>C;ENSP00000374817.2:p.Ile53Thr],[LOW;intron_variant;PRAMENP;Exon:;ENST00000419303.1:n.178-4944A>G;],[LOW;upstream_gene_variant;IGLVI-68;Exon:;;],[LOW;downstream_gene_variant;IGLVI-70;Exon:;;],[LOW;intron_variant;PRAMENP;Exon:;ENST00000546598.1:n.254-4944A>G;],[MED;missense_variant;IGLV4-69;Exon:2/2;NC_000022.10:IGLV4-69:u_t_1.1:c.158T>C;NC_000022.10:IGLV4-69:u_t_1.1:p.Ile53Thr],[LOW;intron_variant;PRAMENP;Exon:;NR_135291.1:n.254-4944A>G;],[LOW;intron_variant;PRAMENP;Exon:;XR_109745.3:n.254-4944A>G;],[LOW;regulatory_region_variant;;Exon:;;]		197	1751.80004883	53	196	ENSG00000197549	PRAME_N-terminal_like,_pseudogene	649179	None	None	None	6.45909967716e-05	6.45909967716e-05	1	246634	None	NC_000022.10:IGLV4-69:u_t_1	53_119	2_2		rs542590499	None	None	0.04	0.406	None	None	None	None		0.0	0.0	0.0	gatk-haplotype,samtools,freebayes	None
22:22385719	=HYPERLINK("http://genome.ucsc.edu/cgi-bin/hgTracks?db=hg19&hgt.out3=10x&position=22:22385719","UCSC_link")	=HYPERLINK("http://gnomad.broadinstitute.org/variant/22-22385719-C-G","GNOMAD_link")	C	G	snp	Het	IGLV4-69	EntrezGene	C/G	missense_variant	MED	12	[LOW;intron_variant;PRAMENP;Exon:;ENST00000337471.4:n.254-4994G>C;],[MED;missense_variant;IGLV4-69;Exon:2/2;ENST00000390282.2:c.208C>G;ENSP00000374817.2:p.Leu70Val],[LOW;intron_variant;PRAMENP;Exon:;ENST00000419303.1:n.178-4994G>C;],[LOW;upstream_gene_variant;IGLVI-68;Exon:;;],[LOW;downstream_gene_variant;IGLVI-70;Exon:;;],[LOW;intron_variant;PRAMENP;Exon:;ENST00000546598.1:n.254-4994G>C;],[MED;missense_variant;IGLV4-69;Exon:2/2;NC_000022.10:IGLV4-69:u_t_1.1:c.208C>G;NC_000022.10:IGLV4-69:u_t_1.1:p.Leu70Val],[LOW;intron_variant;PRAMENP;Exon:;NR_135291.1:n.254-4994G>C;],[LOW;intron_variant;PRAMENP;Exon:;XR_109745.3:n.254-4994G>C;],[LOW;regulatory_region_variant;;Exon:;;]		136	669.799987793	25	135	ENSG00000197549	PRAME_N-terminal_like,_pseudogene	649179	None	None	None	0.000199160000193	0.000199160000193	6	246634	None	NC_000022.10:IGLV4-69:u_t_1	70_119	2_2		rs555475796	None	None	0.98	0.005	None	None	None	None		0.0	0.0	0.0	gatk-haplotype,samtools	None
22:22707299	=HYPERLINK("http://genome.ucsc.edu/cgi-bin/hgTracks?db=hg19&hgt.out3=10x&position=22:22707299","UCSC_link")	=HYPERLINK("http://gnomad.broadinstitute.org/variant/22-22707299-A-C","GNOMAD_link")	A	C	snp	Het	IGLV5-48	EntrezGene	A/C	missense_variant	MED	5	[MED;missense_variant;IGLV5-48;Exon:1/2;ENST00000390293.1:c.11A>C;ENSP00000374828.1:p.Asn4Thr],[LOW;upstream_gene_variant;IGLV1-47;Exon:;;],[LOW;downstream_gene_variant;LL22NC03-75A1.9;Exon:;;],[MED;missense_variant;IGLV5-48;Exon:1/2;NC_000022.10:IGLV5-48:u_t_1.1:c.11A>C;NC_000022.10:IGLV5-48:u_t_1.1:p.Asn4Thr]		34	451.799987793	14	33	None	immunoglobulin_lambda_locus	3535	None	None	None	-1.0	-1.0	0	0	None	NC_000022.10:IGLV5-48:u_t_1	4_123	1_2		rs34503659	None	None	1.0	0.0	None	None	None	None		0.0	0.0	0.0	gatk-haplotype,samtools,freebayes	None
22:22893463	=HYPERLINK("http://genome.ucsc.edu/cgi-bin/hgTracks?db=hg19&hgt.out3=10x&position=22:22893463","UCSC_link")	=HYPERLINK("http://gnomad.broadinstitute.org/variant/22-22893463-G-C","GNOMAD_link")	G	C	snp	Het	PRAME	HGNC	G/C	missense_variant	MED	34	[MED;missense_variant;PRAME;Exon:4/6;ENST00000398741.1:c.70C>G;ENSP00000381726.1:p.Arg24Gly],[MED;missense_variant;PRAME;Exon:4/6;ENST00000398743.2:c.70C>G;ENSP00000381728.2:p.Arg24Gly],[MED;missense_variant;PRAME;Exon:4/6;ENST00000402697.1:c.70C>G;ENSP00000385198.1:p.Arg24Gly],[MED;missense_variant;PRAME;Exon:3/3;ENST00000403441.1:c.70C>G;ENSP00000385091.1:p.Arg24Gly],[MED;missense_variant;PRAME;Exon:4/6;ENST00000405655.3:c.70C>G;ENSP00000384343.3:p.Arg24Gly],[MED;missense_variant;PRAME;Exon:4/4;ENST00000406503.1:c.70C>G;ENSP00000384058.1:p.Arg24Gly],[MED;missense_variant;PRAME;Exon:4/5;ENST00000420709.1:c.70C>G;ENSP00000412318.1:p.Arg24Gly],[MED;missense_variant;PRAME;Exon:2/4;ENST00000424204.2:c.22C>G;ENSP00000407342.2:p.Arg8Gly],[MED;missense_variant;PRAME;Exon:2/3;ENST00000438888.1:c.140C>G;ENSP00000407121.1:p.Arg48Gly],[MED;missense_variant;PRAME;Exon:4/5;ENST00000439106.1:c.70C>G;ENSP00000407320.1:p.Arg24Gly],[LOW;3_prime_UTR_variant;PRAME;Exon:4/4;ENST00000442481.1:c.*18C>G;],[LOW;non_coding_transcript_exon_variant;PRAME;Exon:2/3;ENST00000476336.1:n.226C>G;],[LOW;non_coding_transcript_exon_variant;PRAME;Exon:2/3;ENST00000485532.1:n.399C>G;],[LOW;non_coding_transcript_exon_variant;PRAME;Exon:3/5;ENST00000492657.1:n.1005C>G;],[MED;missense_variant;PRAME;Exon:2/4;ENST00000539862.1:c.22C>G;ENSP00000445097.1:p.Arg8Gly],[MED;missense_variant;PRAME;Exon:3/5;ENST00000543184.1:c.70C>G;ENSP00000445675.1:p.Arg24Gly],[MED;missense_variant;PRAME;Exon:3/5;NM_001291715.1:c.70C>G;NP_001278644.1:p.Arg24Gly],[MED;missense_variant;PRAME;Exon:3/5;NM_001291716.1:c.70C>G;NP_001278645.1:p.Arg24Gly],[MED;missense_variant;PRAME;Exon:3/5;NM_001291717.1:c.22C>G;NP_001278646.1:p.Arg8Gly],[MED;missense_variant;PRAME;Exon:2/4;NM_001291719.1:c.22C>G;NP_001278648.1:p.Arg8Gly],[MED;missense_variant;PRAME;Exon:2/4;NM_001318126.1:c.22C>G;NP_001305055.1:p.Arg8Gly],[MED;missense_variant;PRAME;Exon:2/4;NM_001318127.1:c.22C>G;NP_001305056.1:p.Arg8Gly],[MED;missense_variant;PRAME;Exon:4/6;NM_006115.3:c.70C>G;NP_006106.1:p.Arg24Gly],[MED;missense_variant;PRAME;Exon:4/6;NM_006115.4:c.70C>G;NP_006106.1:p.Arg24Gly],[MED;missense_variant;PRAME;Exon:3/5;NM_206953.1:c.70C>G;NP_996836.1:p.Arg24Gly],[MED;missense_variant;PRAME;Exon:3/5;NM_206953.2:c.70C>G;NP_996836.1:p.Arg24Gly],[MED;missense_variant;PRAME;Exon:4/6;NM_206954.1:c.70C>G;NP_996837.1:p.Arg24Gly],[MED;missense_variant;PRAME;Exon:4/6;NM_206954.2:c.70C>G;NP_996837.1:p.Arg24Gly],[MED;missense_variant;PRAME;Exon:4/6;NM_206955.1:c.70C>G;NP_996838.1:p.Arg24Gly],[MED;missense_variant;PRAME;Exon:4/6;NM_206955.2:c.70C>G;NP_996838.1:p.Arg24Gly],[MED;missense_variant;PRAME;Exon:4/6;NM_206956.1:c.70C>G;NP_996839.1:p.Arg24Gly],[MED;missense_variant;PRAME;Exon:4/6;NM_206956.2:c.70C>G;NP_996839.1:p.Arg24Gly],[MED;missense_variant;PRAME;Exon:3/5;XM_005261423.1:c.22C>G;XP_005261480.1:p.Arg8Gly],[MED;missense_variant;PRAME;Exon:2/4;XM_005261424.1:c.22C>G;XP_005261481.1:p.Arg8Gly]	NM_001291715.1:c.70C>G,NM_001291716.1:c.70C>G,NM_001291717.1:c.22C>G,NM_001291719.1:c.22C>G,NM_001318126.1:c.22C>G,NM_001318127.1:c.22C>G,NM_006115.3:c.70C>G,NM_006115.4:c.70C>G,NM_206953.1:c.70C>G,NM_206953.2:c.70C>G,NM_206954.1:c.70C>G,NM_206954.2:c.70C>G,NM_206955.1:c.70C>G,NM_206955.2:c.70C>G,NM_206956.1:c.70C>G,NM_206956.2:c.70C>G	140	551.799987793	37	138	None	immunoglobulin_lambda_locus	3535	None	None	None	0.00772510003299	0.00772510003299	421	278984	None	ENST00000398741	24_509	4_6	PIRSF_domain:PIRSF038286&hmmpanther:PTHR14224&hmmpanther:PTHR14224:SF4	rs73158906	None	0.884000	0.14	0.296	9.972	0.264,0.264,0.272,0.264,0.264,0.481,0.264,0.264,0.264,0.48,0.267,0.481,0.168,0.265,0.48,0.264,0.264	0.174	2.04		0.0	0.0	0.0	gatk-haplotype,samtools,freebayes	None
22:23029588	=HYPERLINK("http://genome.ucsc.edu/cgi-bin/hgTracks?db=hg19&hgt.out3=10x&position=22:23029588","UCSC_link")	=HYPERLINK("http://gnomad.broadinstitute.org/variant/22-23029588-C-A","GNOMAD_link")	C	A	snp	Het	IGLV3-25	EntrezGene	C/A	missense_variant	MED	3	[MED;missense_variant;IGLV3-25;Exon:2/2;ENST00000390305.2:c.190C>A;ENSP00000374840.2:p.Leu64Met],[LOW;upstream_gene_variant;LL22NC03-102D1.16;Exon:;;],[MED;missense_variant;IGLV3-25;Exon:2/2;NC_000022.10:IGLV3-25:u_t_1.1:c.190C>A;NC_000022.10:IGLV3-25:u_t_1.1:p.Leu64Met]		132	1250.80004883	62	132	None	immunoglobulin_lambda_locus	3535	None	None	None	0.000258929998381	0.000258929998381	9	246498	None	NC_000022.10:IGLV3-25:u_t_1	64_115	2_2		rs5751507	None	None	None	None	None	None	None	None		0.0	0.0	0.0	gatk-haplotype,samtools,freebayes	None
22:23040691	=HYPERLINK("http://genome.ucsc.edu/cgi-bin/hgTracks?db=hg19&hgt.out3=10x&position=22:23040691","UCSC_link")	=HYPERLINK("http://gnomad.broadinstitute.org/variant/22-23040691-G-A","GNOMAD_link")	G	A	snp	Het	IGLV2-23	EntrezGene	G/A	missense_variant	MED	8	[LOW;downstream_gene_variant;D86994.1;Exon:;;],[MED;missense_variant;IGLV2-23;Exon:2/2;ENST00000390306.2:c.139G>A;ENSP00000374841.2:p.Asp47Asn],[LOW;upstream_gene_variant;LL22NC03-102D1.18;Exon:;;],[LOW;downstream_gene_variant;IGLV3-24;Exon:;;],[LOW;upstream_gene_variant;IGLVVI-22-1;Exon:;;],[MED;missense_variant;IGLV2-23;Exon:2/2;NC_000022.10:IGLV2-23:u_t_1.1:c.139G>A;NC_000022.10:IGLV2-23:u_t_1.1:p.Asp47Asn]		156	1723.80004883	79	155	None	immunoglobulin_lambda_locus	3535	None	None	None	9.02929969016e-06	9.02929969016e-06	1	246614	None	NC_000022.10:IGLV2-23:u_t_1	47_118	2_2		rs577222941	None	None	None	None	None	None	None	None		0.0	0.0	0.0	gatk-haplotype,samtools,platypus,freebayes	None
22:23040729	=HYPERLINK("http://genome.ucsc.edu/cgi-bin/hgTracks?db=hg19&hgt.out3=10x&position=22:23040729","UCSC_link")	=HYPERLINK("http://gnomad.broadinstitute.org/variant/22-23040729-G-C","GNOMAD_link")	G	C	snp	Het	IGLV2-23	EntrezGene	G/C	missense_variant	MED	8	[LOW;downstream_gene_variant;D86994.1;Exon:;;],[MED;missense_variant;IGLV2-23;Exon:2/2;ENST00000390306.2:c.177G>C;ENSP00000374841.2:p.Gln59His],[LOW;upstream_gene_variant;LL22NC03-102D1.18;Exon:;;],[LOW;downstream_gene_variant;IGLV3-24;Exon:;;],[LOW;upstream_gene_variant;IGLVVI-22-1;Exon:;;],[MED;missense_variant;IGLV2-23;Exon:2/2;NC_000022.10:IGLV2-23:u_t_1.1:c.177G>C;NC_000022.10:IGLV2-23:u_t_1.1:p.Gln59His]		111	1023.79998779	50	111	None	immunoglobulin_lambda_locus	3535	None	None	None	0.000130109998281	0.000130109998281	7	246774	None	NC_000022.10:IGLV2-23:u_t_1	59_118	2_2		rs11558640	None	None	None	None	None	None	None	None		0.0	0.0	0.0	gatk-haplotype,samtools,platypus,freebayes	None
22:23040748	=HYPERLINK("http://genome.ucsc.edu/cgi-bin/hgTracks?db=hg19&hgt.out3=10x&position=22:23040748","UCSC_link")	=HYPERLINK("http://gnomad.broadinstitute.org/variant/22-23040748-A-C","GNOMAD_link")	A	C	snp	Het	IGLV2-23	EntrezGene	A/C	missense_variant	MED	8	[LOW;downstream_gene_variant;D86994.1;Exon:;;],[MED;missense_variant;IGLV2-23;Exon:2/2;ENST00000390306.2:c.196A>C;ENSP00000374841.2:p.Lys66Gln],[LOW;upstream_gene_variant;LL22NC03-102D1.18;Exon:;;],[LOW;downstream_gene_variant;IGLV3-24;Exon:;;],[LOW;upstream_gene_variant;IGLVVI-22-1;Exon:;;],[MED;missense_variant;IGLV2-23;Exon:2/2;NC_000022.10:IGLV2-23:u_t_1.1:c.196A>C;NC_000022.10:IGLV2-23:u_t_1.1:p.Lys66Gln]		101	1170.80004883	50	101	None	immunoglobulin_lambda_locus	3535	None	None	None	9.96020025923e-05	9.96020025923e-05	3	246884	None	NC_000022.10:IGLV2-23:u_t_1	66_118	2_2		rs563335533	None	None	None	None	None	None	None	None		0.0	0.0	0.0	gatk-haplotype,samtools,platypus,freebayes	None
22:23040770	=HYPERLINK("http://genome.ucsc.edu/cgi-bin/hgTracks?db=hg19&hgt.out3=10x&position=22:23040770","UCSC_link")	=HYPERLINK("http://gnomad.broadinstitute.org/variant/22-23040770-G-C","GNOMAD_link")	G	C	snp	Het	IGLV2-23	EntrezGene	G/C	missense_variant	MED	8	[LOW;downstream_gene_variant;D86994.1;Exon:;;],[MED;missense_variant;IGLV2-23;Exon:2/2;ENST00000390306.2:c.218G>C;ENSP00000374841.2:p.Ser73Thr],[LOW;upstream_gene_variant;LL22NC03-102D1.18;Exon:;;],[LOW;downstream_gene_variant;IGLV3-24;Exon:;;],[LOW;upstream_gene_variant;IGLVVI-22-1;Exon:;;],[MED;missense_variant;IGLV2-23;Exon:2/2;NC_000022.10:IGLV2-23:u_t_1.1:c.218G>C;NC_000022.10:IGLV2-23:u_t_1.1:p.Ser73Thr]		84	970.799987793	43	84	None	immunoglobulin_lambda_locus	3535	None	None	None	0.000251260004006	0.000251260004006	17	277922	None	NC_000022.10:IGLV2-23:u_t_1	73_118	2_2		rs371620489	None	None	None	None	None	None	None	None		0.0	0.0	0.0	gatk-haplotype,samtools,freebayes	None
22:23040822	=HYPERLINK("http://genome.ucsc.edu/cgi-bin/hgTracks?db=hg19&hgt.out3=10x&position=22:23040822","UCSC_link")	=HYPERLINK("http://gnomad.broadinstitute.org/variant/22-23040822-C-T","GNOMAD_link")	C	T	snp	Het	IGLV2-23	EntrezGene	C/T	synonymous_variant	LOW	7	[LOW;downstream_gene_variant;D86994.1;Exon:;;],[LOW;synonymous_variant;IGLV2-23;Exon:2/2;ENST00000390306.2:c.270C>T;ENSP00000374841.2:p.Asn90%3D],[LOW;downstream_gene_variant;IGLV3-24;Exon:;;],[LOW;upstream_gene_variant;IGLVVI-22-1;Exon:;;],[LOW;synonymous_variant;IGLV2-23;Exon:2/2;NC_000022.10:IGLV2-23:u_t_1.1:c.270C>T;NC_000022.10:IGLV2-23:u_t_1.1:p.Asn90%3D]		85	549.799987793	32	85	None	immunoglobulin_lambda_locus	3535	None	None	None	3.26800000039e-05	3.26800000039e-05	1	246856	None	NC_000022.10:IGLV2-23:u_t_1	90_118	2_2		rs569703819	None	None	None	None	None	None	None	None		0.0	0.0	0.0	gatk-haplotype,samtools,freebayes	None
22:23248758	=HYPERLINK("http://genome.ucsc.edu/cgi-bin/hgTracks?db=hg19&hgt.out3=10x&position=22:23248758","UCSC_link")	=HYPERLINK("http://gnomad.broadinstitute.org/variant/22-23248758-G-A","GNOMAD_link")	G	A	snp	Hom	IGLC3	EntrezGene	A/A	synonymous_variant	LOW	10	[LOW;non_coding_transcript_exon_variant;IGLC3;Exon:1/1;3539.1:n.245G>A;],[LOW;upstream_gene_variant;IGLC4;Exon:;;],[LOW;downstream_gene_variant;IGLJ3;Exon:;;],[MED;missense_variant;IGLC3;Exon:1/1;ENST00000390325.2:c.247G>A;ENSP00000374857.2:p.Arg83Lys],[LOW;upstream_gene_variant;IGLJ4;Exon:;;],[LOW;synonymous_variant;IGLC3;Exon:1/1;NC_000022.10:IGLC3:u_t_1.1:c.247G>A;NC_000022.10:IGLC3:u_t_1.1:p.Gln83%3D]		173	4467.79980469	172	173	None	immunoglobulin_lambda_locus	3535	None	None	None	-1.0	-1.0	0	0	None	NC_000022.10:IGLC3:u_t_1	83_107	1_1		rs1059142	None	None	None	None	None	None	None	None		0.0	0.0	0.0	gatk-haplotype,samtools,freebayes	None
22:23264780	=HYPERLINK("http://genome.ucsc.edu/cgi-bin/hgTracks?db=hg19&hgt.out3=10x&position=22:23264780","UCSC_link")	=HYPERLINK("http://gnomad.broadinstitute.org/variant/22-23264780-G-GCC","GNOMAD_link")	G	GCC	indel	Het	IGLC7	EntrezGene	G/GCC	frameshift_variant	HIGH	9	[LOW;downstream_gene_variant;IGLC6;Exon:;;],[LOW;downstream_gene_variant;IGLJ6;Exon:;;],[LOW;downstream_gene_variant;IGLJ7;Exon:;;],[HIGH;frameshift_variant;IGLC7;Exon:1/1;ENST00000390331.2:c.19_20dup;ENSP00000374859.1:p.Ser8ProfsTer24],[HIGH;frameshift_variant;IGLC7;Exon:1/1;NC_000022.10:IGLC7:u_t_1.1:c.19_20dup;NC_000022.10:IGLC7:u_t_1.1:p.Leu8ProfsTer101]		31	366.700012207	12	31	None	immunoglobulin_lambda_locus	3535	None	None	None	0.00385609990917	0.00385609990917	634	280776	None	NC_000022.10:IGLC7:u_t_1	6_107	1_1		rs745467989	None	None	None	None	None	None	None	None		0.0	0.0	0.0	gatk-haplotype,samtools,freebayes	None
22:23653975	=HYPERLINK("http://genome.ucsc.edu/cgi-bin/hgTracks?db=hg19&hgt.out3=10x&position=22:23653975","UCSC_link")	=HYPERLINK("http://gnomad.broadinstitute.org/variant/22-23653975-T-TCCGG","GNOMAD_link")	T	TCCGG	indel	Het	BCR	HGNC	T/TCCGG	frameshift_variant	HIGH	10	[HIGH;frameshift_variant;BCR;Exon:19/23;ENST00000305877.8:c.3275_3278dup;ENSP00000303507.8:p.Val1094ArgfsTer17],[HIGH;frameshift_variant;BCR;Exon:18/22;ENST00000359540.3:c.3143_3146dup;ENSP00000352535.3:p.Val1050ArgfsTer17],[LOW;downstream_gene_variant;BCR;Exon:;;],[LOW;non_coding_transcript_exon_variant;BCR;Exon:2/6;ENST00000436990.2:n.1053_1056dup;],[LOW;upstream_gene_variant;BCR;Exon:;;],[LOW;non_coding_transcript_exon_variant;BCR;Exon:4/6;ENST00000475025.1:n.349_352dup;],[HIGH;frameshift_variant;BCR;Exon:19/23;NM_004327.3:c.3275_3278dup;NP_004318.3:p.Val1094ArgfsTer17],[HIGH;frameshift_variant;BCR;Exon:18/22;NM_021574.2:c.3143_3146dup;NP_067585.2:p.Val1050ArgfsTer17],[LOW;non_coding_transcript_exon_variant;BCR;Exon:19/23;XR_244382.1:n.4021_4024dup;]	NM_004327.3:c.3275_3278dup,NM_021574.2:c.3143_3146dup	191	1715.69995117	51	180	ENSG00000186716	BCR_activator_of_RhoGEF_and_GTPase	613	None	None	None	-1.0	-1.0	0	0	None	ENST00000305877	1092_1271	19_23	Gene3D:1.10.555.10&Pfam_domain:PF00620&PROSITE_profiles:PS50238&hmmpanther:PTHR23182&hmmpanther:PTHR23182:SF3&SMART_domains:SM00324&Superfamily_domains:SSF48350	rs372013175	None	None	None	None	None	None	None	None		0.0	0.0	0.0	gatk-haplotype,samtools,freebayes	None
22:23657664	=HYPERLINK("http://genome.ucsc.edu/cgi-bin/hgTracks?db=hg19&hgt.out3=10x&position=22:23657664","UCSC_link")	=HYPERLINK("http://gnomad.broadinstitute.org/variant/22-23657664-C-T","GNOMAD_link")	C	T	snp	Het	BCR	HGNC	C/T	synonymous_variant	LOW	10	[LOW;synonymous_variant;BCR;Exon:23/23;ENST00000305877.8:c.3771C>T;ENSP00000303507.8:p.Ala1257%3D],[LOW;synonymous_variant;BCR;Exon:22/22;ENST00000359540.3:c.3639C>T;ENSP00000352535.3:p.Ala1213%3D],[LOW;non_coding_transcript_exon_variant;BCR;Exon:6/6;ENST00000436990.2:n.1631C>T;],[LOW;downstream_gene_variant;BCR;Exon:;;],[LOW;synonymous_variant;BCR;Exon:23/23;NM_004327.3:c.3771C>T;NP_004318.3:p.Ala1257%3D],[LOW;synonymous_variant;BCR;Exon:22/22;NM_021574.2:c.3639C>T;NP_067585.2:p.Ala1213%3D],[LOW;non_coding_transcript_exon_variant;BCR;Exon:23/23;XR_244382.1:n.4599C>T;],[LOW;regulatory_region_variant;;Exon:;;]	NM_004327.3:c.3771C>T,NM_021574.2:c.3639C>T	99	949.799987793	42	99	ENSG00000186716	BCR_activator_of_RhoGEF_and_GTPase	613	None	None	None	0.00547219999135	0.00547219999135	951	282680	None	ENST00000305877	1257_1271	23_23	hmmpanther:PTHR23182&hmmpanther:PTHR23182:SF3	rs73152683	None	None	None	None	None	None	None	None		0.0	0.0	0.0	gatk-haplotype,samtools,platypus,freebayes	None
